FID,Shape,author,year,family,genus,species,bodymass_g_pantheria,Dmin,D,Log10 D,Dmax,SE,Coeficient of variation,dispersion,detection_method,new_detection_method,analitical_method,new_analitical_method,method,place,environment,new_environment,Lat,Long,sampling_effort,effort_unit,season,link,doi,country,state_province,annual_precipitation,Altitude
0,Point,Oscar et al,2013,Cervidae,Mazama,temama,14000,NA,8.3,0.919078092,NA,NA,NA,NA,footprint,Indirect method,census,Census,Indirect method_Census,Puebla province,NA,Dense Forest,20,-98,NA,NA,NA,NA,NA,Mexico,Puebla,2078,736
1,Point,Oscar et al,2013,Cervidae,Mazama,temama,14000,NA,3.7,0.568201724,NA,NA,NA,NA,footprint,Indirect method,census,Census,Indirect method_Census,Puebla province,NA,Dense Forest,19.9,-97,NA,NA,NA,NA,NA,Mexico,Puebla,1401,1558
2,Point,Oscar et al,2013,Cervidae,Mazama,temama,14000,NA,5.5,0.74036269,NA,NA,NA,NA,footprint,Indirect method,census,Census,Indirect method_Census,Puebla province,NA,Dense Forest,19.9,-98,NA,NA,NA,NA,NA,Mexico,Puebla,938,1940
3,Point,Mandujano,1999,Tayassuidae,Dicotyles,tajacu,21133.69,3.3,4.9,0.69019608,6.5,1.6,0.326530612,SE,sighting,sighting,census,Census,sighting_Census,Chamela Biological Station,tropical dry forest,Dense Forest,19.586447,-105,32,km2,year_long,Variation in herd size of collared peccaries in a Mexican tropical forest on JSTOR,NA,Mexico,Jalisco,1046,163
4,Point,Mandujano,2007,Tayassuidae,Dicotyles,tajacu,21133.69,NA,7.5,0.875061263,NA,NA,NA,NA,sighting,sighting,distance,Distance,sighting_Distance,Chamela Biological Station,tropical dry forest,Dense Forest,19.500152,-105,33,km2,year_long,NA,10.1111/j.1744-7429.2007.00305.x,Mexico,Jalisco,1028,167
5,Point,Yañes-Arenas & Mandujano,2015,Cervidae,Odocoileus,virginianus,75901.25,0.98,2.03,0.307496038,3.08,1.05,0.517241379,NA,faeces_footprints,Indirect method,FSC/Counting,Fecal pellets counts,Indirect method_Fecal pellets counts,Tehuacán-Cuicatlán Biosphere Reserve,Deciduos dry forest,Open Forest,18.88,-97,88,km,year_long,NA,NA,Mexico,Puebla,708,2690
6,Point,Oscar et al,2013,Cervidae,Mazama,temama,14000,NA,4.2,0.62324929,NA,NA,NA,NA,footprint,Indirect method,census,Census,Indirect method_Census,Puebla province,NA,Dense Forest,18.6,-98,NA,NA,NA,NA,NA,Mexico,Puebla,484,2134
7,Point,Weber,2005,Cervidae,Odocoileus,virginianus,75901.25,0.005,0.009,-2.045757491,0.013,0.004,0.444444444,SE,sighting,sighting,distance,Distance,sighting_Distance,Calakmul Biosphere Reserve,Tropical forest,Dense Forest,18.66,-89,128,km,year_long,NA,NA,Mexico,Campeche,985,242
8,Point,Weber,2005,Cervidae,Odocoileus,virginianus,75901.25,NA,0.021,-1.677780705,NA,NA,NA,NA,sighting,sighting,distance,Distance,sighting_Distance,Calakmul Biosphere Reserve,Tropical forest,Dense Forest,18.66,-89,1432,km,year_long,NA,NA,Mexico,Campeche,985,242
9,Point,Oscar et al,2013,Cervidae,Mazama,temama,14000,NA,5.5,0.74036269,NA,NA,NA,NA,footprint,Indirect method,census,Census,Indirect method_Census,Puebla province,NA,Dense Forest,18.5,-97,NA,NA,NA,NA,NA,Mexico,Veracruz,2353,840
10,Point,Barrera-Salazar et al,2015,Cervidae,Odocoileus,virginianus,75901.25,2.9,3.5,0.544068044,4.1,0.6,0.171428571,SE,faeces,Indirect method,FSC,Fecal pellets counts,Indirect method_Fecal pellets counts,Tehuacán-Cuicatlán Biosphere Reserve,Tropical dry forest and crassicaule scrub,Dense Forest,18.1363,-97,28000,m2,winter,NA,NA,Mexico,Oaxaca,662,836
11,Point,Camargo-Sanabria & Mandujano,2011,Cervidae,Odocoileus,virginianus,75901.25,5.7597,7.3,0.86332286,8.8403,1.5403,0.211,CV,faeces,Indirect method,FSC,Fecal pellets counts,Indirect method_Fecal pellets counts,Mixteca,Seasonal-dry tropical forest,Savana,18.2,-99,5,km,spring,NA,NA,Mexico,Puebla,943,1388
12,Point,Camargo-Sanabria & Mandujano,2011,Cervidae,Odocoileus,virginianus,75901.25,4.6909,6.1,0.785329835,7.5091,1.4091,0.231,CV,faeces,Indirect method,FSC,Fecal pellets counts,Indirect method_Fecal pellets counts,Mixteca,Seasonal-dry tropical forest,Savana,18.2,-99,5,km,spring,NA,NA,Mexico,Puebla,943,1388
13,Point,Camargo-Sanabria & Mandujano,2011,Cervidae,Odocoileus,virginianus,75901.25,2.9713,4.3,0.633468456,5.6287,1.3287,0.309,CV,faeces,Indirect method,FAR,Fecal pellets counts,Indirect method_Fecal pellets counts,Mixteca,Seasonal-dry tropical forest,Savana,18.2,-99,5,km,spring,NA,NA,Mexico,Puebla,943,1388
14,Point,Camargo-Sanabria & Mandujano,2011,Cervidae,Odocoileus,virginianus,75901.25,3.672,4.8,0.681241237,5.928,1.128,0.235,CV,faeces,Indirect method,FAR,Fecal pellets counts,Indirect method_Fecal pellets counts,Mixteca,Seasonal-dry tropical forest,Savana,18.2,-99,5,km,spring,NA,NA,Mexico,Puebla,943,1388
15,Point,Camargo-Sanabria & Mandujano,2011,Cervidae,Odocoileus,virginianus,75901.25,5.1155,6.5,0.812913357,7.8845,1.3845,0.213,CV,faeces,Indirect method,census,Census,Indirect method_Census,Mixteca,Seasonal-dry tropical forest,Savana,18.2,-99,5,km,spring,NA,NA,Mexico,Puebla,943,1388
16,Point,Camargo-Sanabria & Mandujano,2011,Cervidae,Odocoileus,virginianus,75901.25,3.7968,4.8,0.681241237,5.8032,1.0032,0.209,CV,faeces,Indirect method,census,Census,Indirect method_Census,Mixteca,Seasonal-dry tropical forest,Savana,18.2,-99,5,km,spring,NA,NA,Mexico,Puebla,943,1388
17,Point,Camargo-Sanabria & Mandujano,2011,Cervidae,Odocoileus,virginianus,75901.25,5.9349,7.3,0.86332286,8.6651,1.3651,0.187,CV,faeces,Indirect method,Fecal pellets counts,Fecal pellets counts,Indirect method_Fecal pellets counts,Mixteca,Seasonal-dry tropical forest,Savana,18.2,-99,5,km,spring,NA,NA,Mexico,Puebla,943,1388
18,Point,Camargo-Sanabria & Mandujano,2011,Cervidae,Odocoileus,virginianus,75901.25,4.347,5.4,0.73239376,6.453,1.053,0.195,CV,faeces,Indirect method,Fecal pellets counts,Fecal pellets counts,Indirect method_Fecal pellets counts,Mixteca,Seasonal-dry tropical forest,Savana,18.2,-99,5,km,spring,NA,NA,Mexico,Puebla,943,1388
19,Point,Ramos-Robles et al,2013,Cervidae,Odocoileus,virginianus,75901.25,0.0357,0.1,-1,0.1643,0.0643,0.643,CV,faeces,Indirect method,FSC,Fecal pellets counts,Indirect method_Fecal pellets counts,Tehuacán-Cuicatlán Biosphere Reserve,Tropical dry forest,Dense Forest,18.1363,-97,32,km,spring,NA,NA,Mexico,Oaxaca,662,836
20,Point,Ramos-Robles et al,2013,Cervidae,Odocoileus,virginianus,75901.25,0.6248,1.1,0.041392685,1.5752,0.4752,0.432,CV,faeces,Indirect method,FSC,Fecal pellets counts,Indirect method_Fecal pellets counts,Tehuacán-Cuicatlán Biosphere Reserve,Tropical dry forest,Dense Forest,18.1363,-97,32,km,spring,NA,NA,Mexico,Oaxaca,662,836
21,Point,Ramos-Robles et al,2013,Cervidae,Odocoileus,virginianus,75901.25,1.7758,2.6,0.414973348,3.4242,0.8242,0.317,CV,faeces,Indirect method,FSC,Fecal pellets counts,Indirect method_Fecal pellets counts,Tehuacán-Cuicatlán Biosphere Reserve,Tropical dry forest,Dense Forest,18.1363,-97,32,km,spring,NA,NA,Mexico,Oaxaca,662,836
22,Point,Ramos-Robles et al,2013,Cervidae,Odocoileus,virginianus,75901.25,1.7951,2.9,0.462397998,4.0049,1.1049,0.381,CV,faeces,Indirect method,FSC,Fecal pellets counts,Indirect method_Fecal pellets counts,Tehuacán-Cuicatlán Biosphere Reserve,Tropical dry forest,Dense Forest,18.1363,-97,32,km,spring,NA,NA,Mexico,Oaxaca,662,836
23,Point,Reyna-Hurtado,2007,Tayassuidae,Tayassu,pecari,31798.71,NA,0.43,-0.366531544,NA,NA,NA,NA,capture,radio_collar,home range,Home range,radio_collar_Home range,Reserva de la Biósfera Calakmul,Tropical forest,Dense Forest,18.122653,-90,236.7,km2,year_long,"Descrição: Social ecology of the white-lipped peccary (tayassu pecari) in Calakmul forest, Campeche, México (sidalc.net)",NA,Mexico,Campeche,1227,241
24,Point,Nolasco et al,2016,Tapiridae,Tapirus,Bairdii,293781.6,NA,0.18,-0.744727495,NA,NA,NA,NA,camera_trap,camera_trap,REM,REM,camera_trap_REM,Sierra Madre de Oaxaca,Montane Clound Forest,Dense Forest,17.5,-96,1251,camera trap days,summer,NA,NA,Mexico,Oaxaca,2793,1400
25,Point,Nolasco et al,2016,Tapiridae,Tapirus,Bairdii,293781.6,NA,0.197,-0.705533774,NA,NA,NA,NA,camera_trap,camera_trap,REM,REM,camera_trap_REM,Sierra Madre de Oaxaca,Montane Clound Forest,Dense Forest,17.5,-96,1384,camera trap days,spring,NA,NA,Mexico,Oaxaca,2793,1400
26,Point,Nolasco et al,2016,Tapiridae,Tapirus,Bairdii,293781.6,NA,0.249,-0.603800653,NA,NA,NA,NA,camera_trap,camera_trap,REM,REM,camera_trap_REM,Sierra Madre de Oaxaca,Montane Clound Forest,Dense Forest,17.5,-96,580,camera trap days,winter_spring,NA,NA,Mexico,Oaxaca,2793,1400
27,Point,Piña & Trejo,2014,Cervidae,Odocoileus,virginianus,75901.25,-0.38,0.38,-0.420216403,1.14,0.76,2,SD,faeces,Indirect method,FAR,Fecal pellets counts,Indirect method_Fecal pellets counts,Santa María Yavesía,Bosque de pino-encino cerrado,Open Forest,17.25,-96,372,m2,winter,NA,NA,Mexico,Oaxaca,940,2100
28,Point,Piña & Trejo,2014,Cervidae,Odocoileus,virginianus,75901.25,-0.07,0.41,-0.387216143,0.89,0.48,1.170731707,SD,faeces,Indirect method,FAR,Fecal pellets counts,Indirect method_Fecal pellets counts,Santa María Yavesía,Bosque de pino-encino cerrado,Open Forest,17.25,-96,372,m2,summer,NA,NA,Mexico,Oaxaca,940,2100
29,Point,Piña & Trejo,2014,Cervidae,Odocoileus,virginianus,75901.25,0.16,0.8,-0.096910013,1.44,0.64,0.8,SD,faeces,Indirect method,FAR,Fecal pellets counts,Indirect method_Fecal pellets counts,Santa María Yavesía,Bosque de coníferas,Open Forest,17.25,-96,372,m2,winter,NA,NA,Mexico,Oaxaca,940,2100
30,Point,Piña & Trejo,2014,Cervidae,Odocoileus,virginianus,75901.25,-1.02,1.02,0.008600172,3.06,2.04,2,SD,faeces,Indirect method,FAR,Fecal pellets counts,Indirect method_Fecal pellets counts,Santa María Yavesía,Bosque de pino-encino cerrado,Open Forest,17.25,-96,372,m2,winter,NA,NA,Mexico,Oaxaca,940,2100
31,Point,Piña & Trejo,2014,Cervidae,Odocoileus,virginianus,75901.25,-0.18,1.1,0.041392685,2.38,1.28,1.163636364,SD,faeces,Indirect method,FAR,Fecal pellets counts,Indirect method_Fecal pellets counts,Santa María Yavesía,Bosque de pino-encino cerrado,Open Forest,17.25,-96,372,m2,summer,NA,NA,Mexico,Oaxaca,940,2100
32,Point,Piña & Trejo,2014,Cervidae,Odocoileus,virginianus,75901.25,-1.09,1.57,0.195899652,4.23,2.66,1.694267516,SD,faeces,Indirect method,FAR,Fecal pellets counts,Indirect method_Fecal pellets counts,Santa María Yavesía,Bosque de coníferas,Open Forest,17.25,-96,372,m2,summer,NA,NA,Mexico,Oaxaca,940,2100
33,Point,Piña & Trejo,2014,Cervidae,Odocoileus,virginianus,75901.25,0.42,2.14,0.330413773,3.86,1.72,0.803738318,SD,faeces,Indirect method,FAR,Fecal pellets counts,Indirect method_Fecal pellets counts,Santa María Yavesía,Bosque de coníferas,Open Forest,17.25,-96,372,m2,winter,NA,NA,Mexico,Oaxaca,940,2100
34,Point,Piña & Trejo,2014,Cervidae,Odocoileus,virginianus,75901.25,-2.9,4.2,0.62324929,11.3,7.1,1.69047619,SD,faeces,Indirect method,FAR,Fecal pellets counts,Indirect method_Fecal pellets counts,Santa María Yavesía,Bosque de coníferas,Open Forest,17.25,-96,372,m2,summer,NA,NA,Mexico,Oaxaca,940,2100
35,Point,Naranjo et al.,2004,Cervidae,Mazama,americana,20546.86,0.13,NA,NA,0.27,NA,NA,SE,sighting,sighting,Distance,Distance,sighting_Distance,The Lacandon Forest- México,Rain forest,Dense Forest,17,-91,1306,km,year_long,book People in Nature,NA,Guatemala,Petén,2827,229
36,Point,Naranjo et al.,2004,Cervidae,Mazama,americana,20546.86,0.14,NA,NA,0.52,NA,NA,SE,sighting,sighting,Distance,Distance,sighting_Distance,The Lacandon Forest- México,Rain forest,Dense Forest,17,-91,601,km,year_long,book People in Nature,NA,Guatemala,Petén,2827,229
37,Point,Naranjo & Bodmer,2007,Tapiridae,Tapirus,Bairdii,293781.6,0.01,0.05,-1.301029996,0.09,0.04,0.8,SE,sighting,sighting,Distance,Distance,sighting_Distance,The Lacandon Forest- México,Rain forest,Dense Forest,16.181685,-91,1908,km,year_long,NA,NA,Mexico,Chiapas,2977,148
38,Point,Naranjo & Bodmer,2007,Cervidae,Mazama,americana,20546.86,0.13,0.2,-0.698970004,0.27,0.07,0.35,SE,sighting,sighting,Distance,Distance,sighting_Distance,The Lacandon Forest- México,Rain forest,Dense Forest,16.181685,-91,1908,km,year_long,NA,NA,Mexico,Chiapas,2977,148
39,Point,Naranjo & Bodmer,2007,Tapiridae,Tapirus,Bairdii,293781.6,0.15,0.24,-0.619788758,0.33,0.09,0.375,SE,sighting,sighting,Distance,Distance,sighting_Distance,The Lacandon Forest- México,Rain forest,Dense Forest,16.181685,-91,1908,km,year_long,NA,NA,Mexico,Chiapas,2977,148
40,Point,Naranjo & Bodmer,2007,Cervidae,Mazama,americana,20546.86,0.14,0.33,-0.48148606,0.52,0.19,0.575757576,SE,sighting,sighting,Distance,Distance,sighting_Distance,The Lacandon Forest- México,Rain forest,Dense Forest,16.181685,-91,1908,km,year_long,NA,NA,Mexico,Chiapas,2977,148
41,Point,Naranjo & Bodmer,2007,Tayassuidae,Tayassu,pecari,21133.69,0.21,1.08,0.033423755,1.95,0.87,0.805555556,SE,sighting,sighting,Distance,Distance,sighting_Distance,The Lacandon Forest- México,Rain forest,Dense Forest,16.181685,-91,1908,km,year_long,NA,NA,Mexico,Chiapas,2977,148
42,Point,Naranjo & Bodmer,2007,Tayassuidae,Dicotyles,tajacu,21133.69,0.68,1.15,0.06069784,1.62,0.47,0.408695652,SE,sighting,sighting,Distance,Distance,sighting_Distance,The Lacandon Forest- México,Rain forest,Dense Forest,16.181685,-91,1908,km,year_long,NA,NA,Mexico,Chiapas,2977,148
43,Point,Naranjo & Bodmer,2007,Tayassuidae,Dicotyles,tajacu,21133.69,1.14,1.53,0.184691431,1.92,0.39,0.254901961,SE,sighting,sighting,Distance,Distance,sighting_Distance,The Lacandon Forest- México,Rain forest,Dense Forest,16.181685,-91,1908,km,year_long,NA,NA,Mexico,Chiapas,2977,148
44,Point,Naranjo & Bodmer,2007,Tayassuidae,Tayassu,pecari,31798.71,1.98,7.93,0.899273187,13.88,5.95,0.750315259,SE,sighting,sighting,Distance,Distance,sighting_Distance,The Lacandon Forest- México,Rain forest,Dense Forest,16.181685,-91,1908,km,year_long,NA,NA,Mexico,Chiapas,2977,148
45,Point,Carbajal-Borges et al,2014,Tapiridae,Tapirus,Bairdii,293781.6,0.03,0.12,-0.920818754,0.25,0.13,1.083333333,CI,camera_trap,camera_trap,REM,REM,camera_trap_REM,El Triunfo Biosphere Reserve,Clound forest,Dense Forest,15.5,-93,3817,camera trap days,winter_spring,NA,NA,Mexico,Chiapas,2338,65
46,Point,Torres et al,2004,Tapiridae,Tapirus,Bairdii,293781.6,0.04,0.07,-1.15490196,0.1,0.03,0.428571429,SE,sighting,sighting,Distance,Distance,sighting_Distance,Reserva de la Biosfera El Triunfo,Bosques Mesófilos de Montaña,Dense Forest,15.5,-92,456,km,year_long,NA,NA,Mexico,Chiapas,1339,2400
47,Point,González-Maya et al,2012,Tapiridae,Tapirus,Bairdii,293781.6,2.37,2.93,0.46686762,5.03,2.1,0.71672355,CI,camera_trap,camera_trap,CMR,CMR,camera_trap_CMR,The Talamaca Montains,Montane humid forest,Dense Forest,9.1,-83,540,camera trap days,winter,NA,NA,Costa Rica,Limón,2272,2600
48,Point,Rodríguez,1992,Cervidae,Odocoileus,virginianus,75901.25,NA,17,1.230448921,NA,NA,NA,NA,sighting,sighting,census,Census,sighting_Census,Barro Colorado Nature Monument,Tropical lowland moist forest,Dense Forest,9.126782,-80,440,km,year_long,NA,NA,Panama,Panamá Oeste,2311,34
49,Point,Polisar et al,2008,Cervidae,Odocoileus,virginianus,75901.25,0.5,1,0,2.3,1.3,1.3,CI,sighting,sighting,distance,Distance,sighting_Distance,Hato Piñero,Semi-deciduos forest and hill forest,Dense Forest,9,-68,NA,NA,spring,NA,NA,Venezuela,Cojedes,1334,62
50,Point,Polisar et al,2008,Cervidae,Odocoileus,virginianus,75901.25,0.4,1.5,0.176091259,6.5,5,3.333333333,CI,sighting,sighting,distance,Distance,sighting_Distance,Hato Piñero,high dry pasture,Field/Desert,9,-68,NA,NA,spring,NA,NA,Venezuela,Cojedes,1334,62
51,Point,Polisar et al,2008,Cervidae,Odocoileus,virginianus,75901.25,2.5,10.8,1.033423755,46,35.2,3.259259259,CI,sighting,sighting,distance,Distance,sighting_Distance,Hato Piñero,open savana,Savana,9,-68,NA,NA,spring,NA,NA,Venezuela,Cojedes,1334,62
52,Point,Polisar et al,2008,Cervidae,Odocoileus,virginianus,75901.25,8.3,14.7,1.167317335,26,11.3,0.768707483,CI,sighting,sighting,distance,Distance,sighting_Distance,Hato Piñero,small pasture near forest,Field/Desert,9,-68,NA,NA,spring,NA,NA,Venezuela,Cojedes,1334,62
53,Point,Mejía-Correa et al,2014,Tapiridae,Tapirus,Bairdii,293781.6,1.02,1.02,0.008600172,1.53,0.51,0.5,CI,camera_trap,camera_trap,CMR,CMR,camera_trap_CMR,Parque Nacional Natural Los Katios,Bosque húmedo Tropical,Dense Forest,7.75,-77,1215,camera trap days,year_long,NA,NA,Colombia,Antioquia,2873,2
54,Point,Mejía-Correa et al,2014,Tapiridae,Tapirus,Bairdii,293781.6,1.02,1.09,0.037426498,5.62,4.53,4.155963303,CI,camera_trap,camera_trap,CMR,CMR,camera_trap_CMR,Parque Nacional Natural Los Katios,Bosque húmedo Tropical,Dense Forest,7.75,-77,1215,camera trap days,year_long,NA,NA,Colombia,Antioquia,2873,2
55,Point,Lizcano & Cavelier,2000,Tapiridae,Tapirus,pinchaque,156923.4,0.15,0.18,-0.744727495,0.21,0.03,0.166666667,NA,footprint,Indirect method,census,Census,Indirect method_Census,Los Nevados National Park,Andean and sub-andean forest,Field/Desert,4.7,-75,42,km,several,NA,NA,Colombia,Quindío,1205,4493
56,Point,Tobler et al.,2013,Tapiridae,Tapirus,terrestris,169496.6,0.1,0.23,-0.638272164,0.36,0.13,0.565217391,SE,camera_trap,camera_trap,CMR,CMR,camera_trap_CMR,Nouragues Nature Reserve,Forest,Open Forest,4.04,-53,4834,camera trap days,year_long,NA,10.1017/S0030605312001652,French Guiana,Cayenne,3001,83
57,Point,Tobler et al.,2013,Tapiridae,Tapirus,terrestris,169496.6,0.12,0.28,-0.552841969,0.44,0.16,0.571428571,SE,camera_trap,camera_trap,CMR,CMR,camera_trap_CMR,Nouragues Nature Reserve,Forest,Open Forest,4.04,-53,3768,camera trap days,year_long,NA,10.1017/S0030605312001652,French Guiana,Cayenne,3001,83
58,Point,Tobler et al.,2013,Tapiridae,Tapirus,terrestris,169496.6,0.11,0.3,-0.522878745,0.49,0.19,0.633333333,SE,camera_trap,camera_trap,CMR,CMR,camera_trap_CMR,Nouragues Nature Reserve,Forest,Open Forest,4.04,-53,2631,camera trap days,year_long,NA,10.1017/S0030605312001652,French Guiana,Cayenne,3001,83
59,Point,Tobler et al.,2013,Tapiridae,Tapirus,terrestris,169496.6,0.15,0.32,-0.494850022,0.49,0.17,0.53125,SE,camera_trap,camera_trap,CMR,CMR,camera_trap_CMR,Nouragues Nature Reserve,Forest,Open Forest,4.04,-53,6191,camera trap days,year_long,NA,10.1017/S0030605312001652,French Guiana,Cayenne,3001,83
60,Point,Fragoso,1998,Tayassuidae,Tayassu,pecari,31798.71,NA,8.1,0.908485019,NA,NA,NA,NA,radio_collar,radio_collar,Home range,Home range,radio_collar_Home range,Maraca Island,Amazon Rain forest,Dense Forest,3.369275,-61,NA,NA,year_long,NA,10.1111/j.1744-7429.1998.tb00080.x,Brazil,Roraima,1962,96
61,Point,Mendes Pontes,2004,Tapiridae,Tapirus,terrestris,169496.6,NA,3.3,0.51851394,NA,NA,NA,CI,sighting,sighting,Distance,Distance,sighting_Distance,Maracá Ecological Station,Tropical forest,Dense Forest,3.393837,-62,4650,m,year_long,NA,https://doi.org/10.1078/1616-5047-00151,Brazil,Roraima,2109,100
62,Point,Mendes Pontes,2004,Tapiridae,Tapirus,terrestris,169496.6,NA,3.7,0.568201724,NA,NA,NA,CI,sighting,sighting,Distance,Distance,sighting_Distance,Maracá Ecological Station,Tropical forest,Dense Forest,3.393837,-62,5350,m,year_long,NA,https://doi.org/10.1078/1616-5047-00152,Brazil,Roraima,2109,100
63,Point,Pontes et al,2010,Tayassuidae,Dicotyles,tajacu,21133.69,NA,26,1.414973348,NA,NA,NA,NA,sighting,sighting,distance,Distance,sighting_Distance,Estação Ecologica do Maracá,Tropical forest,Dense Forest,3.250225,-61,1013.12,km2,year_long,Livro completo.pmd (researchgate.net),NA,Brazil,Roraima,1916,98
64,Point,Pontes et al,2010,Tayassuidae,Dicotyles,tajacu,21133.69,NA,18.9,1.276461804,NA,NA,NA,NA,sighting,sighting,distance,Distance,sighting_Distance,Estação Ecologica do Maracá,Tropical forest,Dense Forest,3.250225,-61,1013.12,km2,year_long,Livro completo.pmd (researchgate.net),NA,Brazil,Roraima,1916,98
65,Point,Pontes et al,2010,Tayassuidae,Tayassu,pecari,31798.71,NA,66.5,1.822821645,NA,NA,NA,NA,sighting,sighting,distance,Distance,sighting_Distance,Estação Ecologica do Maracá,Tropical forest,Dense Forest,3.250225,-61,1013.12,km2,year_long,Livro completo.pmd (researchgate.net),NA,Brazil,Roraima,1916,98
66,Point,Pontes et al,2010,Tayassuidae,Tayassu,pecari,31798.71,NA,21,1.322219295,NA,NA,NA,NA,sighting,sighting,distance,Distance,sighting_Distance,Estação Ecologica do Maracá,Tropical forest,Dense Forest,3.250225,-61,1013.12,km2,year_long,Livro completo.pmd (researchgate.net),NA,Brazil,Roraima,1916,98
67,Point,Stevenson,1996,Tapiridae,Tapirus,terrestris,169496.6,NA,0.7,-0.15490196,NA,NA,NA,NA,sighting,sighting,Distance,Distance,sighting_Distance,Tinigua National Park,Tropical rainforest,Dense Forest,2.666667,-74,821,km,year_long,https://revistas.javeriana.edu.co/index.php/scientarium/article/view/5057/3903,NA,Colombia,Meta,2288,275
68,Point,Stevenson,1996,Cervidae,Mazama,americana,20546.86,NA,2,0.301029996,NA,NA,NA,NA,sighting,sighting,Distance,Distance,sighting_Distance,Tinigua National Park,Tropical rainforest,Dense Forest,2.666667,-74,821,km,year_long,https://revistas.javeriana.edu.co/index.php/scientarium/article/view/5057/3903,NA,Colombia,Meta,2288,275
69,Point,Stevenson,1996,Tayassuidae,Dicotyles,tajacu,21133.69,NA,11,1.041392685,NA,NA,NA,NA,sighting,sighting,Distance,Distance,sighting_Distance,Tinigua National Park,Tropical rainforest,Dense Forest,2.666667,-74,821,km,year_long,https://revistas.javeriana.edu.co/index.php/scientarium/article/view/5057/3903,NA,Colombia,Meta,2288,275
70,Point,Pontes et al,2010,Tayassuidae,Tayassu,pecari,31798.71,NA,7,0.84509804,NA,NA,NA,NA,sighting,sighting,distance,Distance,sighting_Distance,Parque Nacional do Viruá,Tropical forest,Dense Forest,1.583399,-61,2270.11,km2,autumn,Livro completo.pmd (researchgate.net),NA,Brazil,Roraima,1866,69
71,Point,Castellanos,2013,Tapiridae,Tapirus,pinchaque,156923.4,NA,0.28,-0.552841969,NA,NA,NA,NA,radio_collar,radio_collar,Home range extrapolation,Home range,radio_collar_Home range,Cayambe Coca National Park,Ñucanchi Turubamba wetland System,Dense Forest,-0.33,-78,7,individuals,several,NA,NA,Ecuador,Napo,1179,3805
72,Point,Castellanos,2013,Tapiridae,Tapirus,pinchaque,156923.4,NA,0.3,-0.522878745,NA,NA,NA,NA,radio_collar,radio_collar,Home range extrapolation,Home range,radio_collar_Home range,Cayambe Coca National Park,Ñucanchi Turubamba wetland System,Dense Forest,-0.33,-78,7,individuals,several,NA,NA,Ecuador,Napo,1179,3805
73,Point,Castellanos,2013,Tapiridae,Tapirus,pinchaque,156923.4,NA,0.32,-0.494850022,NA,NA,NA,NA,radio_collar,radio_collar,Home range extrapolation,Home range,radio_collar_Home range,Cayambe Coca National Park,Ñucanchi Turubamba wetland System,Dense Forest,-0.33,-78,7,individuals,several,NA,NA,Ecuador,Napo,1179,3805
74,Point,Castellanos,2013,Tapiridae,Tapirus,pinchaque,156923.4,NA,0.4,-0.397940009,NA,NA,NA,NA,radio_collar,radio_collar,Home range extrapolation,Home range,radio_collar_Home range,Cayambe Coca National Park,Ñucanchi Turubamba wetland System,Dense Forest,-0.33,-78,7,individuals,several,NA,NA,Ecuador,Napo,1179,3805
75,Point,Iwanaga,2004,Cervidae,Passalites,nemorivaga,14700,NA,0.6,-0.22184875,NA,NA,NA,NA,sighting,sighting,distance,Distance,sighting_Distance,Jau National Park,Tropical rainforest,Dense Forest,-1.913131,-63,150,km,year_long,NA,Iwanaga S. 2004. Levantamento de mamíferos diurnos de médio e grande porte no Parque Nacional do Jaú: Resultados preliminares. In: Janelas para a Biodiversidade no Parque Nacional do Jaú: Uma estratégia para o estudo da biodiversidade na Amazônia.,Brazil,Amazonas,2640,36
76,Point,Iwanaga,2004,Cervidae,Passalites,nemorivaga,14700,NA,0.3,-0.522878745,NA,NA,NA,NA,sighting,sighting,distance,Distance,sighting_Distance,Jau National Park,Tropical rainforest,Dense Forest,-1.877445,-62,150,km,year_long,NA,Iwanaga S. 2004. Levantamento de mamíferos diurnos de médio e grande porte no Parque Nacional do Jaú: Resultados preliminares. In: Janelas para a Biodiversidade no Parque Nacional do Jaú: Uma estratégia para o estudo da biodiversidade na Amazônia.,Brazil,Amazonas,2562,34
77,Point,Iwanaga,2004,Tayassuidae,Dicotyles,tajacu,21133.69,NA,0.3,-0.522878745,NA,NA,NA,NA,sighting,sighting,distance,Distance,sighting_Distance,Jau National Park,Tropical rainforest,Dense Forest,-1.877445,-62,150,km,year_long,NA,Iwanaga S. 2004. Levantamento de mamíferos diurnos de médio e grande porte no Parque Nacional do Jaú: Resultados preliminares. In: Janelas para a Biodiversidade no Parque Nacional do Jaú: Uma estratégia para o estudo da biodiversidade na Amazônia.,Brazil,Amazonas,2562,34
78,Point,Iwanaga,2004,Cervidae,Mazama,americana,20546.86,NA,1.3,0.113943352,NA,NA,NA,NA,sighting,sighting,distance,Distance,sighting_Distance,Jau National Park,Tropical rainforest,Dense Forest,-1.877445,-62,150,km,year_long,NA,Iwanaga S. 2004. Levantamento de mamíferos diurnos de médio e grande porte no Parque Nacional do Jaú: Resultados preliminares. In: Janelas para a Biodiversidade no Parque Nacional do Jaú: Uma estratégia para o estudo da biodiversidade na Amazônia.,Brazil,Amazonas,2562,34
79,Point,Aquino et al,2007,Tapiridae,Tapirus,terrestris,169496.6,0.45426,0.67,-0.173925197,0.88574,0.21574,0.322,CV,sighting,sighting,Distance,Distance,sighting_Distance,Rio Algodón,Tropical rainforest,Dense Forest,-2.578139,-72,200,km,winter,NA,10.15381/rpb.v14i2.1730,Peru,Loreto,2953,102
80,Point,Aquino et al,2007,Cervidae,Mazama,americana,20546.86,0.5054,0.7,-0.15490196,0.8946,0.1946,0.278,CV,sighting,sighting,Distance,Distance,sighting_Distance,Rio Algodón,Tropical rainforest,Dense Forest,-2.578139,-72,200,km,winter,NA,10.15381/rpb.v14i2.1730,Peru,Loreto,2953,102
81,Point,Aquino et al,2007,Tayassuidae,Dicotyles,tajacu,21133.69,2.151,3,0.477121255,3.849,0.849,0.283,CV,sighting,sighting,Distance,Distance,sighting_Distance,Rio Algodón,Tropical rainforest,Dense Forest,-2.578139,-72,200,km,winter,NA,10.15381/rpb.v14i2.1730,Peru,Loreto,2953,102
82,Point,Aquino et al,2007,Tayassuidae,Tayassu,pecari,31798.71,NA,9.8,0.991226076,NA,NA,NA,NA,sighting,sighting,Distance,Distance,sighting_Distance,Rio Algodón,Tropical rainforest,Dense Forest,-2.578139,-72,200,km,winter,NA,10.15381/rpb.v14i2.1730,Peru,Loreto,2953,102
83,Point,Iwanaga,2004,Cervidae,Mazama,americana,20546.86,NA,0.3,-0.522878745,NA,NA,NA,NA,sighting,sighting,distance,Distance,sighting_Distance,Jau National Park,Tropical rainforest,Dense Forest,-2.62462,-63,150,km,year_long,NA,Iwanaga S. 2004. Levantamento de mamíferos diurnos de médio e grande porte no Parque Nacional do Jaú: Resultados preliminares. In: Janelas para a Biodiversidade no Parque Nacional do Jaú: Uma estratégia para o estudo da biodiversidade na Amazônia.,Brazil,Amazonas,2623,38
84,Point,Iwanaga,2004,Cervidae,Passalites,nemorivaga,14700,NA,0.6,-0.22184875,NA,NA,NA,NA,sighting,sighting,distance,Distance,sighting_Distance,Jau National Park,Tropical rainforest,Dense Forest,-2.62462,-63,150,km,year_long,NA,Iwanaga S. 2004. Levantamento de mamíferos diurnos de médio e grande porte no Parque Nacional do Jaú: Resultados preliminares. In: Janelas para a Biodiversidade no Parque Nacional do Jaú: Uma estratégia para o estudo da biodiversidade na Amazônia.,Brazil,Amazonas,2623,38
85,Point,Iwanaga,2004,Tayassuidae,Dicotyles,tajacu,21133.69,NA,0.9,-0.045757491,NA,NA,NA,NA,sighting,sighting,distance,Distance,sighting_Distance,Jau National Park,Tropical rainforest,Dense Forest,-2.62462,-63,150,km,year_long,NA,Iwanaga S. 2004. Levantamento de mamíferos diurnos de médio e grande porte no Parque Nacional do Jaú: Resultados preliminares. In: Janelas para a Biodiversidade no Parque Nacional do Jaú: Uma estratégia para o estudo da biodiversidade na Amazônia.,Brazil,Amazonas,2623,38
86,Point,Zapata-Rios et al,2009,Tapiridae,Tapirus,terrestris,169496.6,0.27,0.87,-0.060480747,1.47,0.6,0.689655172,SE,sighting,sighting,Hayne’s estimator,Distance,sighting_Distance,Miasal,upland moist tropical forest and pre-montane tropical wet forest,Dense Forest,-2.622421,-78,380,km,year_long,NA,10.1017/S003060530900191,Ecuador,Morona Santiago,2843,440
87,Point,Zapata-Rios et al,2009,Tayassuidae,Dicotyles,tajacu,21133.69,1.99,4.29,0.632457292,6.59,2.3,0.536130536,SE,sighting,sighting,Hayne’s estimator,Distance,sighting_Distance,Miasal,upland moist tropical forest and pre-montane tropical wet forest,Dense Forest,-2.622421,-78,380,km,year_long,NA,10.1017/S003060530900191,Ecuador,Morona Santiago,2843,440
88,Point,Zapata-Rios et al,2009,Cervidae,Mazama,americana,20546.86,3.97,4.67,0.669316881,5.37,0.7,0.149892934,SE,sighting,sighting,Hayne’s estimator,Distance,sighting_Distance,Miasal,upland moist tropical forest and pre-montane tropical wet forest,Dense Forest,-2.622421,-78,380,km,year_long,NA,10.1017/S003060530900191,Ecuador,Morona Santiago,2843,440
89,Point,Puertas et al.,2017,Cervidae,Passalites,nemorivaga,14700,NA,0.34,-0.468521083,NA,NA,NA,NA,sighting,sighting,distance,Distance,sighting_Distance,Ampiyacu apayacu - Nordeste da Amazônia Peruana,floresta amazonica,Dense Forest,-3.08,-73,322,km,year_long,NA,10.24841/fa.v26i1.417,Peru,Loreto,3127,104
90,Point,Puertas et al.,2017,Tayassuidae,Dicotyles,tajacu,21133.69,NA,1.3,0.113943352,NA,NA,NA,NA,NA,NA,distance,Distance,NA_Distance,Ampiyacu apayacu - Nordeste da Amazônia Peruana,floresta amazonica,Dense Forest,-3.08,-73,3,trails,year_long,NA,10.24841/fa.v26i1.417,Peru,Loreto,3127,104
91,Point,Peres,1996,Tayassuidae,Dicotyles,tajacu,21133.69,NA,2,0.301029996,NA,NA,NA,NA,sighting,sighting,Distance,Distance,sighting_Distance,Amazon,Forest,Dense Forest,-3.316667,-66,107,km,year_long,NA,10.1016/0006-3207(96)00010-9,Brazil,Amazonas,2925,59
92,Point,Peres,1996,Tayassuidae,Dicotyles,tajacu,21133.69,NA,2,0.301029996,NA,NA,NA,NA,sighting,sighting,Distance,Distance,sighting_Distance,Amazon,Forest,Dense Forest,-3.283333,-66,110,km,year_long,NA,10.1016/0006-3207(96)00010-9,Brazil,Amazonas,2909,67
93,Point,Hurtado-González & Bodmer,2004,Cervidae,Passalites,nemorivaga,14700,0.09,0.18,-0.744727495,0.27,0.09,0.5,SD,sighting,sighting,Distance,Distance,sighting_Distance,Tamshiyacu-Tahuayo Communal Reserve - Peru,floresta amazonica,Dense Forest,-4.3,-73,941,km,year_long,NA,NA,Peru,Loreto,2662,104
94,Point,Hurtado-González & Bodmer,2004,Cervidae,Passalites,nemorivaga,14700,0.32,0.39,-0.408935393,0.46,0.07,0.17948718,SD,sighting,sighting,Distance,Distance,sighting_Distance,Tamshiyacu-Tahuayo Communal Reserve - Peru,floresta amazonica,Dense Forest,-4.3,-73,923,km,year_long,NA,NA,Peru,Loreto,2662,104
95,Point,Hurtado-González & Bodmer,2004,Cervidae,Mazama,americana,20546.86,0.7,1.14,0.056904851,1.44,0.3,0.263157895,SD,sighting,sighting,Distance,Distance,sighting_Distance,Tamshiyacu-Tahuayo Communal Reserve - Peru,floresta amazonica,Dense Forest,-4.3,-73,941,km,year_long,NA,NA,Peru,Loreto,2662,104
96,Point,Hurtado-González & Bodmer,2004,Cervidae,Mazama,americana,20546.86,0.87,1.16,0.064457989,1.45,0.29,0.25,SD,sighting,sighting,Distance,Distance,sighting_Distance,Tamshiyacu-Tahuayo Communal Reserve - Peru,floresta amazonica,Dense Forest,-4.3,-73,923,km,year_long,NA,NA,Peru,Loreto,2662,104
97,Point,Peres,1996,Tayassuidae,Dicotyles,tajacu,21133.69,NA,6.5,0.812913357,NA,NA,NA,NA,sighting,sighting,Distance,Distance,sighting_Distance,Amazon,Forest,Dense Forest,-4.35,-67,50,km,year_long,NA,10.1016/0006-3207(96)00010-9,Brazil,Amazonas,2639,65
98,Point,Haugaasen & Peres,2005,Tapiridae,Tapirus,terrestris,169496.6,NA,0.23,-0.638272164,NA,NA,NA,SE,sighting,sighting,Distance,Distance,sighting_Distance,Lago Uauaçu,Tropical rainforest,Dense Forest,-4.328302,-62,2192,km,year_long,NA,10.1017/S026646740400207X,Brazil,Amazonas,2557,38
99,Point,Peres,1996,Tayassuidae,Dicotyles,tajacu,21133.69,NA,4.9,0.69019608,NA,NA,NA,NA,sighting,sighting,Distance,Distance,sighting_Distance,Amazon,Forest,Dense Forest,-4.466667,-67,44,km,year_long,NA,10.1016/0006-3207(96)00010-9,Brazil,Amazonas,2619,72
100,Point,Peres,1996,Tayassuidae,Dicotyles,tajacu,21133.69,NA,10.7,1.029383778,NA,NA,NA,NA,sighting,sighting,Distance,Distance,sighting_Distance,Amazon,Forest,Dense Forest,-4.45,-64,51,km,year_long,NA,10.1016/0006-3207(96)00010-9,Brazil,Amazonas,2302,63
101,Point,Bodmer,1989,Cervidae,Passalites,nemorivaga,14700,NA,0.83,-0.080921908,NA,NA,NA,NA,sighting,sighting,Fourier series,Distance,sighting_Distance,Iquitos - Peru,Amazon Rain forest,Dense Forest,-4.56,-73,150,km,NA,NA,10.1007/BF00378967,Peru,Loreto,2636,101
102,Point,Bodmer,1989,Cervidae,Mazama,americana,20546.86,NA,1.8,0.255272505,NA,NA,NA,NA,sighting,sighting,Fourier series,Distance,sighting_Distance,Iquitos - Peru,Amazon Rain forest,Dense Forest,-4.56,-73,150,km,NA,NA,10.1007/BF00378967,Peru,Loreto,2636,101
103,Point,Salovaara et al.,2003,Cervidae,Passalites,nemorivaga,14700,NA,0.43,-0.366531544,NA,NA,NA,NA,sighting,sighting,Distance,Distance,sighting_Distance,Yavari valley,floresta amazonica,Dense Forest,-4.55,-72,1827,km,year_long,NA,NA,Peru,Loreto,2724,100
104,Point,Salovaara et al.,2003,Cervidae,Passalites,nemorivaga,14700,NA,0.7,-0.15490196,NA,NA,NA,NA,sighting,sighting,Distance,Distance,sighting_Distance,Yavari valley,floresta amazonica,Dense Forest,-4.55,-72,1827,km,year_long,NA,NA,Peru,Loreto,2724,100
105,Point,Salovaara et al.,2003,Cervidae,Passalites,nemorivaga,14700,NA,0.96,-0.017728767,NA,NA,NA,NA,sighting,sighting,Distance,Distance,sighting_Distance,Yavari valley,floresta amazonica,Dense Forest,-4.55,-72,1827,km,year_long,NA,NA,Peru,Loreto,2724,100
106,Point,Salovaara et al.,2003,Cervidae,Passalites,nemorivaga,14700,NA,1.05,0.021189299,NA,NA,NA,NA,sighting,sighting,Distance,Distance,sighting_Distance,Yavari valley,floresta amazonica,Dense Forest,-4.55,-72,1827,km,year_long,NA,NA,Peru,Loreto,2724,100
107,Point,Peres,1996,Tayassuidae,Dicotyles,tajacu,21133.69,NA,8.8,0.944482672,NA,NA,NA,NA,sighting,sighting,Distance,Distance,sighting_Distance,Amazon,Forest,Dense Forest,-4.7,-65,124,km,year_long,NA,10.1016/0006-3207(96)00010-9,Brazil,Amazonas,2388,94
108,Point,Peres,1996,Tayassuidae,Dicotyles,tajacu,21133.69,NA,8.9,0.949390007,NA,NA,NA,NA,sighting,sighting,Distance,Distance,sighting_Distance,Amazon,Forest,Dense Forest,-4.833333,-65,359,km,year_long,NA,10.1016/0006-3207(96)00010-9,Brazil,Amazonas,2403,89
109,Point,Peres,1996,Tayassuidae,Dicotyles,tajacu,21133.69,NA,11.6,1.064457989,NA,NA,NA,NA,sighting,sighting,Distance,Distance,sighting_Distance,Amazon,Forest,Dense Forest,-4.983333,-65,47,km,year_long,NA,10.1016/0006-3207(96)00010-9,Brazil,Amazonas,2481,94
110,Point,Peres,1996,Tayassuidae,Dicotyles,tajacu,21133.69,NA,1.9,0.278753601,NA,NA,NA,NA,sighting,sighting,Distance,Distance,sighting_Distance,Amazon,Forest,Dense Forest,-5.083333,-67,56,km,year_long,NA,10.1016/0006-3207(96)00010-9,Brazil,Amazonas,2561,72
111,Point,Peres,1996,Tayassuidae,Dicotyles,tajacu,21133.69,NA,3.8,0.579783597,NA,NA,NA,NA,sighting,sighting,Distance,Distance,sighting_Distance,Amazon,Forest,Dense Forest,-6.583333,-69,113,km,year_long,NA,10.1016/0006-3207(96)00010-9,Brazil,Amazonas,2434,99
112,Point,Peres,1996,Tayassuidae,Dicotyles,tajacu,21133.69,NA,10,1,NA,NA,NA,NA,sighting,sighting,Distance,Distance,sighting_Distance,Amazon,Forest,Dense Forest,-6.75,-71,119,km,year_long,NA,10.1016/0006-3207(96)00010-9,Brazil,Amazonas,2461,194
113,Point,Peres,1996,Tayassuidae,Dicotyles,tajacu,21133.69,NA,3.1,0.491361694,NA,NA,NA,NA,sighting,sighting,Distance,Distance,sighting_Distance,Amazon,Forest,Dense Forest,-7.766667,-52,173,km,year_long,NA,10.1016/0006-3207(96)00010-9,Brazil,Pará,1966,297
114,Point,Peres,1996,Tayassuidae,Dicotyles,tajacu,21133.69,NA,2.4,0.380211242,NA,NA,NA,NA,sighting,sighting,Distance,Distance,sighting_Distance,Amazon,Forest,Dense Forest,-9.383333,-72,91,km,year_long,NA,10.1016/0006-3207(96)00010-9,Brazil,Acre,1731,280
115,Point,Oliveira et al,2022,Cervidae,Subulo,gouazoubira,16633.17,NA,1.875442,0.273103638,NA,NA,NA,NA,faeces,Indirect method,FSC,Fecal pellets counts,Indirect method_Fecal pellets counts,Parque Nacional Serra de Itabaiana,Atlantic forest,Dense Forest,-10.759627,-37,1733,m,autumn,personal data,NA,Brazil,Sergipe,1438,254
116,Point,Endo et al.,2010,Tayassuidae,Dicotyles,tajacu,21133.69,1.79928,3.78,0.5774918,5.76072,1.98072,0.524,CV,sighting,sighting,Distance,Distance,sighting_Distance,Manu National Park,Tropical rainforest,Dense Forest,-11.731749,-72,235,km,summer_autumn_winter,NA,10.1111/j.1744-7429.2009.00546.x,Peru,Madre de Dios,2355,382
117,Point,Endo et al.,2010,Tayassuidae,Tayassu,pecari,31798.71,3.2074,5.8,0.763427994,8.3926,2.5926,0.447,CV,sighting,sighting,Distance,Distance,sighting_Distance,Manu National Park,Tropical rainforest,Dense Forest,-11.731749,-72,235,km,summer_autumn_winter,NA,10.1111/j.1744-7429.2009.00546.x,Peru,Madre de Dios,2355,382
118,Point,Endo et al.,2010,Tayassuidae,Dicotyles,tajacu,21133.69,3.0508,5.8,0.763427994,8.5492,2.7492,0.474,CV,sighting,sighting,Distance,Distance,sighting_Distance,Manu National Park,Tropical rainforest,Dense Forest,-11.86402,-72,226,km,summer_autumn_winter,NA,10.1111/j.1744-7429.2009.00546.x,Peru,Madre de Dios,2443,397
119,Point,Endo et al.,2010,Tayassuidae,Tayassu,pecari,31798.71,25.0776,32.4,1.51054501,39.7224,7.3224,0.226,CV,sighting,sighting,Distance,Distance,sighting_Distance,Manu National Park,Tropical rainforest,Dense Forest,-11.86402,-72,226,km,summer_autumn_winter,NA,10.1111/j.1744-7429.2009.00546.x,Peru,Madre de Dios,2443,397
120,Point,Endo et al.,2010,Tayassuidae,Tayassu,pecari,31798.71,0,1.1,0.041392685,2.2,1.1,1,CV,sighting,sighting,Distance,Distance,sighting_Distance,Manu National Park,Tropical rainforest,Dense Forest,-11.797872,-72,248,km,summer_autumn_winter,NA,10.1111/j.1744-7429.2009.00546.x,Peru,Madre de Dios,2261,396
121,Point,Endo et al.,2010,Tayassuidae,Dicotyles,tajacu,21133.69,4.7814,7.8,0.892094603,10.8186,3.0186,0.387,CV,sighting,sighting,Distance,Distance,sighting_Distance,Manu National Park,Tropical rainforest,Dense Forest,-11.797872,-72,248,km,summer_autumn_winter,NA,10.1111/j.1744-7429.2009.00546.x,Peru,Madre de Dios,2261,396
122,Point,Endo et al.,2010,Tayassuidae,Dicotyles,tajacu,21133.69,2.91071,5.17,0.713490543,7.42929,2.25929,0.437,CV,sighting,sighting,Distance,Distance,sighting_Distance,Manu National Park,Tropical rainforest,Dense Forest,-11.977351,-71,234,km,summer_autumn_winter,NA,10.1111/j.1744-7429.2009.00546.x,Peru,Madre de Dios,2679,405
123,Point,Endo et al.,2010,Tayassuidae,Tayassu,pecari,31798.71,15.1683,21.7,1.336459734,28.2317,6.5317,0.301,CV,sighting,sighting,Distance,Distance,sighting_Distance,Manu National Park,Tropical rainforest,Dense Forest,-11.977351,-71,234,km,summer_autumn_winter,NA,10.1111/j.1744-7429.2009.00546.x,Peru,Madre de Dios,2679,405
124,Point,Endo et al.,2010,Tayassuidae,Dicotyles,tajacu,21133.69,5.1824,8.2,0.913813852,11.2176,3.0176,0.368,CV,sighting,sighting,Distance,Distance,sighting_Distance,Manu National Park,Tropical rainforest,Dense Forest,-11.964086,-72,170,km,summer_autumn_winter,NA,10.1111/j.1744-7429.2009.00546.x,Peru,Madre de Dios,2572,404
125,Point,Endo et al.,2010,Tayassuidae,Tayassu,pecari,31798.71,4.9404,9.2,0.963787827,13.4596,4.2596,0.463,CV,sighting,sighting,Distance,Distance,sighting_Distance,Manu National Park,Tropical rainforest,Dense Forest,-11.964086,-72,170,km,summer_autumn_winter,NA,10.1111/j.1744-7429.2009.00546.x,Peru,Madre de Dios,2572,404
126,Point,Endo et al.,2010,Tayassuidae,Dicotyles,tajacu,21133.69,0.621,2.25,0.352182518,3.879,1.629,0.724,CV,sighting,sighting,Distance,Distance,sighting_Distance,Manu National Park,Tropical rainforest,Dense Forest,-11.942334,-71,162,km,summer_autumn_winter,NA,10.1111/j.1744-7429.2009.00546.x,Peru,Madre de Dios,2666,331
127,Point,Endo et al.,2010,Tayassuidae,Tayassu,pecari,31798.71,33.7698,43.8,1.641474111,53.8302,10.0302,0.229,CV,sighting,sighting,Distance,Distance,sighting_Distance,Manu National Park,Tropical rainforest,Dense Forest,-11.942334,-71,162,km,summer_autumn_winter,NA,10.1111/j.1744-7429.2009.00546.x,Peru,Madre de Dios,2666,331
128,Point,Endo et al.,2010,Tayassuidae,Dicotyles,tajacu,21133.69,5.2998,8.03,0.904715545,10.7602,2.7302,0.34,CV,sighting,sighting,Distance,Distance,sighting_Distance,Manu National Park,Tropical rainforest,Dense Forest,-11.883254,-71,218,km,summer_autumn_winter,NA,10.1111/j.1744-7429.2009.00546.x,Peru,Madre de Dios,2551,400
129,Point,Endo et al.,2010,Tayassuidae,Tayassu,pecari,31798.71,10.32,15,1.176091259,19.68,4.68,0.312,CV,sighting,sighting,Distance,Distance,sighting_Distance,Manu National Park,Tropical rainforest,Dense Forest,-11.883254,-71,218,km,summer_autumn_winter,NA,10.1111/j.1744-7429.2009.00546.x,Peru,Madre de Dios,2551,400
130,Point,Oliveira et al,2022,Cervidae,Subulo,gouazoubira,16633.17,NA,3.63246,0.560200841,NA,NA,NA,NA,faeces,Indirect method,FSC,Fecal pellets counts,Indirect method_Fecal pellets counts,Parque Nacional Chapada Diamantina,Atlantic forest,Dense Forest,-12.691713,-41,1521,m,summer,personal data,NA,Brazil,Bahia,1074,456
131,Point,Santos Jr.,2013,Cervidae,Mazama,americana,20546.86,NA,0.01,-2,NA,NA,NA,NA,sighting,sighting,census,Census,sighting_Census,APM-Manso Mato Grosso,cerrado,Savana,-14.84,-56,480,km,NA,NA,NA,Brazil,Mato Grosso,1462,291
132,Point,Santos Jr.,2013,Cervidae,Subulo,gouazoubira,16633.17,NA,0.345,-0.462180905,NA,NA,NA,NA,sighting,sighting,census,Census,sighting_Census,APM-Manso Mato Grosso,cerrado,Savana,-14.84,-56,480,km,NA,NA,NA,Brazil,Mato Grosso,1462,291
133,Point,Oliveira et al,2022,Cervidae,Passalites,nemorivaga,14700,NA,3.382653,0.529257449,NA,NA,NA,NA,faeces,Indirect method,FSC,Fecal pellets counts,Indirect method_Fecal pellets counts,Reserva Biológica de Una,Atlantic forest,Dense Forest,-15.184072,-39,2638,m,spring,personal data,NA,Brazil,Bahia,1791,21
134,Point,Leeuwenberg e Resende,1994,Cervidae,Subulo,gouazoubira,16633.17,NA,0.67,-0.173925197,NA,NA,NA,NA,NA,NA,NA,NA,NA,Distrito Federal - Brasil,Cerrado,Savana,-15.95,-48,NA,NA,NA,NA,NA,Brazil,Distrito Federal,1519,1104
135,Point,Leeuwenberg e Resende,1994,Cervidae,Subulo,gouazoubira,16633.17,NA,0.81,-0.091514981,NA,NA,NA,NA,NA,NA,NA,NA,NA,Distrito Federal - Brasil,Cerrado,Savana,-15.95,-48,NA,NA,NA,NA,NA,Brazil,Distrito Federal,1519,1104
136,Point,Davies,2003,Camelidae,Lama,vicugna,47499.61,NA,3.7,0.568201724,NA,NA,NA,NA,sighting,sighting,Distance,Distance,sighting_Distance,Salinas y Aguada Blanca National Reserve in Arequipa,Andes,Field/Desert,-16,-71,38,km2,summer,48032053.pdf (core.ac.uk),NA,Peru,Arequipa,531,4571
137,Point,Sahley et al,2007,Camelidae,Lama,vicugna,47499.61,2.2,2.8,0.447158031,3.4,0.6,0.214285714,SE,capture,capture,CMR,CMR,capture_CMR,Salinas y Aguada Blanca National Reserve in Arequipa,Andes,Field/Desert,-16.160485,-71,86,km2,year_long,NA,https://doi.org/10.1111/j.1523-1739.2006.00558.x,Peru,Arequipa,339,3966
138,Point,Sahley et al,2007,Camelidae,Lama,vicugna,47499.61,1.03,1.27,0.103803721,1.51,0.24,0.188976378,SE,capture,capture,CMR,CMR,capture_CMR,Salinas y Aguada Blanca National Reserve in Arequipa,Andes,Field/Desert,-16.160485,-71,86,km2,year_long,NA,https://doi.org/10.1111/j.1523-1739.2006.00558.x,Peru,Arequipa,339,3966
139,Point,Sahley et al,2007,Camelidae,Lama,vicugna,47499.61,2.47,2.8,0.447158031,3.13,0.33,0.117857143,SE,capture,capture,CMR,CMR,capture_CMR,Salinas y Aguada Blanca National Reserve in Arequipa,Andes,Field/Desert,-16.160485,-71,86,km2,year_long,NA,https://doi.org/10.1111/j.1523-1739.2006.00558.x,Peru,Arequipa,339,3966
140,Point,Sahley et al,2007,Camelidae,Lama,vicugna,47499.61,1.8,2,0.301029996,2.2,0.2,0.1,SE,capture,capture,CMR,CMR,capture_CMR,Salinas y Aguada Blanca National Reserve in Arequipa,Andes,Field/Desert,-16.160485,-71,86,km2,year_long,NA,https://doi.org/10.1111/j.1523-1739.2006.00558.x,Peru,Arequipa,339,3966
141,Point,Sahley et al,2007,Camelidae,Lama,vicugna,47499.61,4.4,4.8,0.681241237,5.2,0.4,0.083333333,SE,capture,capture,CMR,CMR,capture_CMR,Salinas y Aguada Blanca National Reserve in Arequipa,Andes,Field/Desert,-16.160485,-71,86,km2,year_long,NA,https://doi.org/10.1111/j.1523-1739.2006.00558.x,Peru,Arequipa,339,3966
142,Point,Sahley et al,2007,Camelidae,Lama,vicugna,47499.61,3.27,3.7,0.568201724,4.13,0.43,0.116216216,SE,capture,capture,CMR,CMR,capture_CMR,Salinas y Aguada Blanca National Reserve in Arequipa,Andes,Field/Desert,-16.160485,-71,86,km2,year_long,NA,https://doi.org/10.1111/j.1523-1739.2006.00558.x,Peru,Arequipa,339,3966
143,Point,Cordeiro,2004,Tapiridae,Tapirus,terrestris,169496.6,NA,0.71,-0.148741651,NA,NA,NA,NA,sighting,sighting,Distance,Distance,sighting_Distance,Reserva Particular do Patrimônio Natural SESC Pantanal - Estrato Florestal,cerrado,Savana,-16.256336,-56,1076,km2,summer_winter,http://hdl.handle.net/10183/5154, ,Brazil,Mato Grosso,1375,117
144,Point,Cordeiro,2004,Tapiridae,Tapirus,terrestris,169496.6,NA,0.37,-0.431798276,NA,NA,NA,NA,sighting,sighting,Distance,Distance,sighting_Distance,Reserva Particular do Patrimônio Natural SESC Pantanal - Estrato Campestre,cerrado,Savana,-16.256336,-56,1076,km2,summer_winter,http://hdl.handle.net/10183/5155, ,Brazil,Mato Grosso,1375,117
145,Point,Cordeiro,2004,Tapiridae,Tapirus,terrestris,169496.6,NA,0.55,-0.259637311,NA,NA,NA,NA,sighting,sighting,Distance,Distance,sighting_Distance,Reserva Particular do Patrimônio Natural SESC Pantanal - Estrato Global,cerrado,Savana,-16.256336,-56,1076,km2,summer_winter,http://hdl.handle.net/10183/5156, ,Brazil,Mato Grosso,1375,117
146,Point,Manço,2004,Cervidae,Ozotocerus,bezoarticus,34620.4,0.5,0.87,-0.060480747,1.52,0.65,0.747126437,CI,sighting,sighting,distance,Distance,sighting_Distance,Reserva Particular do Patrimonio Natural (RPPN) SESC Pantanal,cerrado,Savana,-16.256336,-56,35,km2,summer,"Pantheon: Veados-campeiros (Ozotoceros bezoarticus (Linnaeus, 1758)) (Mammalia : Cervidae) no nordeste do Pantanal do Mato Grosso (RPPN SESC Pantanal), Barão de Melgaço, MT : densidade, tamanho populacional e uso dos hábitats (ufrj.br)",NA,Brazil,Mato Grosso,1375,117
147,Point,Manço,2004,Cervidae,Ozotocerus,bezoarticus,34620.4,0.18,1.03,0.012837225,2.25,1.22,1.184466019,CI,sighting,sighting,Hayne’s estimator,Distance,sighting_Distance,Reserva Particular do Patrimonio Natural (RPPN) SESC Pantanal,cerrado,Savana,-16.256336,-56,35,km2,summer,"Pantheon: Veados-campeiros (Ozotoceros bezoarticus (Linnaeus, 1758)) (Mammalia : Cervidae) no nordeste do Pantanal do Mato Grosso (RPPN SESC Pantanal), Barão de Melgaço, MT : densidade, tamanho populacional e uso dos hábitats (ufrj.br)",NA,Brazil,Mato Grosso,1375,117
148,Point,Manço,2004,Cervidae,Ozotocerus,bezoarticus,34620.4,0.16,0.28,-0.552841969,0.48,0.2,0.714285714,CI,sighting,sighting,distance,Distance,sighting_Distance,Reserva Particular do Patrimonio Natural (RPPN) SESC Pantanal,cerrado,Savana,-16.256336,-56,98.5,km2,winter,"Pantheon: Veados-campeiros (Ozotoceros bezoarticus (Linnaeus, 1758)) (Mammalia : Cervidae) no nordeste do Pantanal do Mato Grosso (RPPN SESC Pantanal), Barão de Melgaço, MT : densidade, tamanho populacional e uso dos hábitats (ufrj.br)",NA,Brazil,Mato Grosso,1375,117
149,Point,Manço,2004,Cervidae,Ozotocerus,bezoarticus,34620.4,0.12,0.28,-0.552841969,0.44,0.16,0.571428571,CI,sighting,sighting,Hayne’s estimator,Distance,sighting_Distance,Reserva Particular do Patrimonio Natural (RPPN) SESC Pantanal,cerrado,Savana,-16.256336,-56,98.5,km2,winter,"Pantheon: Veados-campeiros (Ozotoceros bezoarticus (Linnaeus, 1758)) (Mammalia : Cervidae) no nordeste do Pantanal do Mato Grosso (RPPN SESC Pantanal), Barão de Melgaço, MT : densidade, tamanho populacional e uso dos hábitats (ufrj.br)",NA,Brazil,Mato Grosso,1375,117
150,Point,Oliveira et al,2022,Cervidae,Subulo,gouazoubira,16633.17,NA,2.03805,0.309214835,NA,NA,NA,NA,faeces,Indirect method,FSC,Fecal pellets counts,Indirect method_Fecal pellets counts,Reserva Biológica da Mata Escura,Atlantic forest,Dense Forest,-16.353095,-41,2552,m,spring,personal data,NA,Brazil,Minas Gerais,849,314
151,Point,Rechberger et al,2014,Cervidae,Hippocamelus,artisensis,68599.35,NA,1.7,0.230448921,NA,NA,NA,NA,sighting_faeces_footprints,Indirect method,Census,Census,Indirect method_Census,Mecapaca - Llacasa,Andes,Field/Desert,-16.656794,-68,405,km2,year_long,NA,10.1017/S0030605312001561,Bolivia,Mecapaca,529,3055
152,Point,Rechberger et al,2014,Cervidae,Hippocamelus,artisensis,68599.35,NA,0.68,-0.167491087,NA,NA,NA,NA,sighting_faeces_footprints,Indirect method,Census,Census,Indirect method_Census,Mecapaca - Chanka,Andes,Field/Desert,-16.656794,-68,405,km2,year_long,NA,10.1017/S0030605312001561,Bolivia,Mecapaca,529,3055
153,Point,Rechberger et al,2014,Cervidae,Hippocamelus,artisensis,68599.35,NA,0.89,-0.050609993,NA,NA,NA,NA,sighting_faeces_footprints,Indirect method,Census,Census,Indirect method_Census,Mecapaca - Milocato-Tahuapalca,Andes,Field/Desert,-16.656794,-68,405,km2,year_long,NA,10.1017/S0030605312001561,Bolivia,Mecapaca,529,3055
154,Point,Rechberger et al,2014,Cervidae,Hippocamelus,artisensis,68599.35,NA,0.22,-0.657577319,NA,NA,NA,NA,sighting_faeces_footprints,Indirect method,Census,Census,Indirect method_Census,Mecapaca - Collana,Andes,Field/Desert,-16.656794,-68,405,km2,year_long,NA,10.1017/S0030605312001561,Bolivia,Mecapaca,529,3055
155,Point,Rechberger et al,2014,Cervidae,Hippocamelus,artisensis,68599.35,NA,1.12,0.049218023,NA,NA,NA,NA,sighting_faeces_footprints,Indirect method,Census,Census,Indirect method_Census,Mecapaca - Ñuñumañani,Andes,Field/Desert,-16.656794,-68,405,km2,year_long,NA,10.1017/S0030605312001561,Bolivia,Mecapaca,529,3055
156,Point,Trolle et al,2008,Tapiridae,Tapirus,terrestris,169496.6,0.47,0.58,-0.236572006,0.69,0.11,0.189655172,SE,camera_trap,camera_trap,CMR,CMR,camera_trap_CMR,Estância Ecologica SESC Pantanal,Pantanal,Dense Forest,-16.668687,-56,504,camera trap nights,spring_summer,NA,10.1111/j.1744-7429.2007.00350.x,Brazil,Mato Grosso,1352,172
157,Point,Trolle et al,2008,Tapiridae,Tapirus,terrestris,169496.6,0.3,0.55,-0.259637311,1.01,0.46,0.836363636,CI,sighting,sighting,Census,Census,sighting_Census,Estância Ecologica SESC Pantanal,Pantanal,Dense Forest,-16.668687,-56,1063,km2,spring_summer,NA,10.1111/j.1744-7429.2007.00350.x,Brazil,Mato Grosso,1352,172
158,Point,Barrio,2007,Cervidae,Hippocamelus,artisensis,68599.35,NA,1.76,0.245512668,NA,NA,NA,SD,sighting,sighting,Census,Census,sighting_Census,Aymara - Lupaca Reserved Zone (ALRZ),Andes,Field/Desert,-17,-69,3230.27,km2,winter,https://www.redalyc.org/pdf/1950/195018549004.pdf,NA,Peru,Humacata,493,4277
159,Point,Noss et al,2003,Tapiridae,Tapirus,terrestris,169496.6,0.71,0.8,-0.096910013,0.89,0.09,0.1125,SE,camera_trap,camera_trap,CMR,CMR,camera_trap_CMR,San miguelito,Chaco alluvial plain forest,Open Forest,-17.091944,-62,1695,camera trap days,spring,https://www.researchgate.net/publication/228541823_A_Camera_trapping_and_radio_telemetry_study_of_lowland_tapir_Tapirus_terrestris_in_Bolivian_dry_forests,NA,Bolivia,Santa Cruz,995,251
160,Point,Rivero et al.,2004,Cervidae,Mazama,americana,20546.86,-0.02,0.01,-2,0.04,0.03,3,SD,sighting,sighting,distance,Distance,sighting_Distance,Estancia San Miguelito,Chaco,Wetland,-17.08,-62,180,km,summer,NA,NA,Bolivia,Santa Cruz,995,251
161,Point,Rivero et al.,2004,Cervidae,Mazama,americana,20546.86,0.04,0.57,-0.244125144,1.1,0.53,0.929824561,SD,faeces,Indirect method,FSC,Fecal pellets counts,Indirect method_Fecal pellets counts,Estancia San Miguelito,Chaco,Wetland,-17.08,-62,50,km,summer,NA,NA,Bolivia,Santa Cruz,995,251
162,Point,Rivero et al.,2004,Cervidae,Subulo,gouazoubira,16633.17,-0.93,1.27,0.103803721,3.47,2.2,1.732283465,SD,faeces,Indirect method,FSC,Fecal pellets counts,Indirect method_Fecal pellets counts,Estancia San Miguelito,Chaco,Wetland,-17.08,-62,30,km,summer,NA,NA,Bolivia,Santa Cruz,995,251
163,Point,Rivero et al.,2004,Cervidae,Mazama,americana,20546.86,-0.93,1.27,0.103803721,3.47,2.2,1.732283465,SD,faeces,Indirect method,FSC,Fecal pellets counts,Indirect method_Fecal pellets counts,Estancia San Miguelito,Chaco,Wetland,-17.08,-62,30,km,summer,NA,NA,Bolivia,Santa Cruz,995,251
164,Point,Rivero et al.,2004,Cervidae,Mazama,americana,20546.86,-0.87,1.83,0.26245109,4.53,2.7,1.475409836,SD,faeces,Indirect method,FSC,Fecal pellets counts,Indirect method_Fecal pellets counts,Estancia San Miguelito,Chaco,Wetland,-17.08,-62,60,km,summer,NA,NA,Bolivia,Santa Cruz,995,251
165,Point,Rivero et al.,2004,Cervidae,Mazama,americana,20546.86,-0.3,2.6,0.414973348,5.5,2.9,1.115384615,SD,faeces,Indirect method,FSC,Fecal pellets counts,Indirect method_Fecal pellets counts,Estancia San Miguelito,Chaco,Wetland,-17.08,-62,20,km,winter,NA,NA,Bolivia,Santa Cruz,995,251
166,Point,Rivero et al.,2004,Cervidae,Mazama,americana,20546.86,0.75,2.75,0.439332694,4.75,2,0.727272727,SD,faeces,Indirect method,FSC,Fecal pellets counts,Indirect method_Fecal pellets counts,Estancia San Miguelito,Chaco,Wetland,-17.08,-62,20,km,winter,NA,NA,Bolivia,Santa Cruz,995,251
167,Point,Rivero et al.,2004,Cervidae,Subulo,gouazoubira,16633.17,NA,4.4,0.643452677,NA,NA,NA,NA,sighting,sighting,distance,Distance,sighting_Distance,Estancia San Miguelito,Chaco,Wetland,-17.08,-62,180,km,summer,NA,NA,Bolivia,Santa Cruz,995,251
168,Point,Rivero et al.,2004,Cervidae,Mazama,americana,20546.86,0.79,4.89,0.689308859,8.99,4.1,0.838445808,SD,faeces,Indirect method,FSC,Fecal pellets counts,Indirect method_Fecal pellets counts,Estancia San Miguelito,Chaco,Wetland,-17.08,-62,30,km,winter,NA,NA,Bolivia,Santa Cruz,995,251
169,Point,Rivero et al.,2004,Cervidae,Subulo,gouazoubira,16633.17,-2.57,6.33,0.80140371,15.23,8.9,1.40600316,SD,faeces,Indirect method,FSC,Fecal pellets counts,Indirect method_Fecal pellets counts,Estancia San Miguelito,Chaco,Wetland,-17.08,-62,60,km,summer,NA,NA,Bolivia,Santa Cruz,995,251
170,Point,Rivero et al.,2004,Cervidae,Subulo,gouazoubira,16633.17,NA,7.7,0.886490725,NA,NA,NA,NA,sighting,sighting,distance,Distance,sighting_Distance,Estancia San Miguelito,Chaco,Wetland,-17.08,-62,114.8,km,winter,NA,NA,Bolivia,Santa Cruz,995,251
171,Point,Rivero et al.,2004,Cervidae,Mazama,americana,20546.86,-2.91,8.99,0.953759692,20.89,11.9,1.323692992,SD,faeces,Indirect method,FSC,Fecal pellets counts,Indirect method_Fecal pellets counts,Estancia San Miguelito,Chaco,Wetland,-17.08,-62,40,km,summer,NA,NA,Bolivia,Santa Cruz,995,251
172,Point,Rivero et al.,2004,Cervidae,Subulo,gouazoubira,16633.17,2.65,9.55,0.980003372,16.45,6.9,0.722513089,SD,faeces,Indirect method,FSC,Fecal pellets counts,Indirect method_Fecal pellets counts,Estancia San Miguelito,Chaco,Wetland,-17.08,-62,50,km,summer,NA,NA,Bolivia,Santa Cruz,995,251
173,Point,Rivero et al.,2004,Cervidae,Subulo,gouazoubira,16633.17,-2.37,9.93,0.996949249,22.23,12.3,1.238670695,SD,faeces,Indirect method,FSC,Fecal pellets counts,Indirect method_Fecal pellets counts,Estancia San Miguelito,Chaco,Wetland,-17.08,-62,40,km,summer,NA,NA,Bolivia,Santa Cruz,995,251
174,Point,Rivero et al.,2004,Cervidae,Subulo,gouazoubira,16633.17,2.8,11.8,1.071882007,20.8,9,0.762711864,SD,faeces,Indirect method,FSC,Fecal pellets counts,Indirect method_Fecal pellets counts,Estancia San Miguelito,Chaco,Wetland,-17.08,-62,30,km,winter,NA,NA,Bolivia,Santa Cruz,995,251
175,Point,Rivero et al.,2004,Cervidae,Subulo,gouazoubira,16633.17,14.26,14.44,1.159567193,14.62,0.18,0.012465374,SD,faeces,Indirect method,FSC,Fecal pellets counts,Indirect method_Fecal pellets counts,Estancia San Miguelito,Chaco,Wetland,-17.08,-62,20,km,winter,NA,NA,Bolivia,Santa Cruz,995,251
176,Point,Rivero et al.,2004,Cervidae,Mazama,americana,20546.86,1.89,17.69,1.247727833,33.49,15.8,0.893159977,SD,faeces,Indirect method,FSC,Fecal pellets counts,Indirect method_Fecal pellets counts,Estancia San Miguelito,Chaco,Wetland,-17.08,-62,20,km,winter,NA,NA,Bolivia,Santa Cruz,995,251
177,Point,Rivero et al.,2004,Cervidae,Subulo,gouazoubira,16633.17,26.04,33.24,1.521661015,40.44,7.2,0.216606498,SD,faeces,Indirect method,FSC,Fecal pellets counts,Indirect method_Fecal pellets counts,Estancia San Miguelito,Chaco,Wetland,-17.08,-62,20,km,winter,NA,NA,Bolivia,Santa Cruz,995,251
178,Point,Rivero et al.,2004,Cervidae,Subulo,gouazoubira,16633.17,21.19,62.79,1.797890483,104.39,41.6,0.66252588,SD,faeces,Indirect method,FSC,Fecal pellets counts,Indirect method_Fecal pellets counts,Estancia San Miguelito,Chaco,Wetland,-17.08,-62,20,km,winter,NA,NA,Bolivia,Santa Cruz,995,251
179,Point,Schaller,1983,Tapiridae,Tapirus,terrestris,169496.6,NA,0.64,-0.193820026,NA,NA,NA,NA,faeces_footprints,Indirect method,Census,Census,Indirect method_Census,Acurizal,Rain forest,Dense Forest,-17.830459,-58,70,km2,year_long,NA,https://doi.org/10.11606/issn.2176-7793.v31i1p1-36,Brazil,Mato Grosso do Sul,1175,78
180,Point,Gallardo et al,2010,Camelidae,Lama,vicugna,47499.61,8.59,18.54,1.26810973,40.01,21.47,1.158036677,CI,sighting,sighting,Distance,Distance,sighting_Distance,Parque Nacional Sajama,Puna desértica,Field/Desert,-18.110286,-69,110,km2,summer_winter,http://www.scielo.org.bo/scielo.php?pid=S1605-25282010000100005&script=sci_arttext,NA,Bolivia,Sajama del departamento de Oruro,381,4576
181,Point,Gallardo et al,2010,Camelidae,Lama,vicugna,47499.61,6.43,13.44,1.128399269,28.12,14.68,1.092261905,CI,sighting,sighting,Distance,Distance,sighting_Distance,Parque Nacional Sajama,Puna desértica,Field/Desert,-18.110286,-69,110,km2,summer_winter,http://www.scielo.org.bo/scielo.php?pid=S1605-25282010000100005&script=sci_arttext,NA,Bolivia,Sajama del departamento de Oruro,381,4576
182,Point,Desbiez et al,2010,Tapiridae,Tapirus,terrestris,169496.6,NA,0.13,-0.886056648,NA,NA,NA,SE,sighting,sighting,Distance,Distance,sighting_Distance,managed cattle ranches in central Pantanal,cerrado,Savana,-18.168424,-57,200,km2,year_long,NA,10.1111/j.1744-7429.2009.00601.x,Brazil,Mato Grosso do Sul,1228,112
183,Point,Desbiez et al,2010,Tapiridae,Tapirus,terrestris,169496.6,NA,0.4,-0.397940009,NA,NA,NA,SE,sighting,sighting,Distance,Distance,sighting_Distance,managed cattle ranches in central Pantanal,Forest,Savana,-18.168424,-57,200,km2,year_long,NA,10.1111/j.1744-7429.2009.00601.x,Brazil,Mato Grosso do Sul,1228,112
184,Point,Noss et al,2003,Tapiridae,Tapirus,terrestris,169496.6,0.25,0.29,-0.537602002,0.33,0.04,0.137931035,SE,camera_trap,camera_trap,CMR,CMR,camera_trap_CMR,Tucavaca,dry forest,Open Forest,-18.423125,-61,4440,camera trap nights,summer_spring_winter,Noss_AJ._et_al._2003._A_Camera_trapping_and_radio_telemetry_study_of_lowland_tapri_Tapirus_terrestris_in_Bolivian_Dry_Forest.pdf (tapirs.org),NA,Bolivia,Santa Cruz,882,294
185,Point,Noss et al,2012,Tapiridae,Tapirus,terrestris,169496.6,0.077,0.11,-0.958607315,0.143,0.033,0.3,SE,camera_trap,camera_trap,CMR,CMR,camera_trap_CMR,Kaa-Iya del Gran Chaco National Park,Forest,Open Forest,-18.53506,-62,NA,NA,NA,NA,10.1111/j.1469-1795.2012.00545.x,Bolivia,Santa Cruz,721,304
186,Point,Noss et al,2012,Tapiridae,Tapirus,terrestris,169496.6,0.0475,0.117,-0.931814138,0.1865,0.0695,0.594017094,SE,camera_trap,camera_trap,CMR,CMR,camera_trap_CMR,Kaa-Iya del Gran Chaco National Park,Forest,Open Forest,-18.53506,-62,NA,NA,NA,NA,10.1111/j.1469-1795.2012.00545.x,Bolivia,Santa Cruz,721,304
187,Point,Tomaz et al,2001,Cervidae,Ozotocerus,bezoarticus,34620.4,6.01,9.81,0.991669007,13.61,3.8,0.387359837,NA,sighting,sighting,distance,Distance,sighting_Distance,the Campo Dora ranch,pantanal wetland,Field/Desert,-18.770317,-57,84,km2,spring,"A survey of a pampas deer, Ozotoceros bezoarticus leucogaster (Arctiodactyla, Cervidae), population in the Pantanal wetland, Brazil, using the distance sampling technique | Animal Biodiversity and Conservation (raco.cat)",NA,Brazil,Mato Grosso do Sul,1230,103
188,Point,Tomaz et al,2001,Cervidae,Ozotocerus,bezoarticus,34620.4,5.42,6.85,0.835690572,8.28,1.43,0.208759124,NA,sighting,sighting,distance,Distance,sighting_Distance,the Campo Dora ranch,pantanal wetland,Field/Desert,-18.770317,-57,84,km2,spring,"A survey of a pampas deer, Ozotoceros bezoarticus leucogaster (Arctiodactyla, Cervidae), population in the Pantanal wetland, Brazil, using the distance sampling technique | Animal Biodiversity and Conservation (raco.cat)",NA,Brazil,Mato Grosso do Sul,1230,103
189,Point,Tomaz et al,2001,Cervidae,Ozotocerus,bezoarticus,34620.4,4.29,4.99,0.698100546,5.69,0.7,0.140280561,NA,sighting,sighting,distance,Distance,sighting_Distance,the Campo Dora ranch,pantanal wetland,Field/Desert,-18.770317,-57,84,km2,spring,"A survey of a pampas deer, Ozotoceros bezoarticus leucogaster (Arctiodactyla, Cervidae), population in the Pantanal wetland, Brazil, using the distance sampling technique | Animal Biodiversity and Conservation (raco.cat)",NA,Brazil,Mato Grosso do Sul,1230,103
190,Point,Tomaz et al,2001,Cervidae,Ozotocerus,bezoarticus,34620.4,4.85,5.53,0.742725131,6.21,0.68,0.122965642,NA,sighting,sighting,distance,Distance,sighting_Distance,the Campo Dora ranch,pantanal wetland,Field/Desert,-18.770317,-57,84,km2,spring,"A survey of a pampas deer, Ozotoceros bezoarticus leucogaster (Arctiodactyla, Cervidae), population in the Pantanal wetland, Brazil, using the distance sampling technique | Animal Biodiversity and Conservation (raco.cat)",NA,Brazil,Mato Grosso do Sul,1230,103
191,Point,Tomaz et al,2012,Cervidae,Ozotocerus,bezoarticus,34620.4,4.85,5.97,0.775974331,7.09,1.12,0.18760469,CV,capture,capture,distance,CMR,capture_CMR,fazenda Ipanema,cerrado e pasto,Field/Desert,-18.752058,-57,180.4,km,autumn_winter_spring,https://revistas.ufrj.br/index.php/oa/article/view/8248,NA,Brazil,Mato Grosso do Sul,1236,104
192,Point,Tomaz et al,2012,Cervidae,Ozotocerus,bezoarticus,34620.4,4.41,5.77,0.761175813,7.13,1.36,0.235701906,CV,capture,capture,distance,CMR,capture_CMR,fazenda Nhumirim,cerrado e florestas,Savana,-18.922326,-57,180.4,km,autumn_winter_spring,https://revistas.ufrj.br/index.php/oa/article/view/8246,NA,Brazil,Mato Grosso do Sul,1255,94
193,Point,Oliveira et al,2022,Cervidae,Passalites,nemorivaga,14700,NA,18.176671,1.259514347,NA,NA,NA,NA,faeces,Indirect method,FSC,Fecal pellets counts,Indirect method_Fecal pellets counts,Reserva Biológica de Sooretama,Atlantic forest,Dense Forest,-19.044198,-40,1718,m,spring,personal data,NA,Brazil,Espírito Santo,1181,61
194,Point,Desbiez et al,2010,Cervidae,Ozotocerus,bezoarticus,34620.4,5.47,6.1,0.785329835,6.73,0.63,0.103278689,SE,sighting,sighting,distance,Distance,sighting_Distance,managed cattle ranches in central Pantanal,pasture,Field/Desert,-18.981928,-57,200,km2,year_long,NA,10.1111/j.1744-7429.2009.00601.x,Brazil,Mato Grosso do Sul,1232,96
195,Point,Desbiez et al,2010,Cervidae,Ozotocerus,bezoarticus,34620.4,0.45,1.22,0.086359831,1.99,0.77,0.631147541,SE,sighting,sighting,distance,Distance,sighting_Distance,managed cattle ranches in central Pantanal,forest,Field/Desert,-18.981928,-57,200,km2,year_long,NA,10.1111/j.1744-7429.2009.00601.x,Brazil,Mato Grosso do Sul,1232,96
196,Point,Desbiez et al,2010,Cervidae,Ozotocerus,bezoarticus,34620.4,0.11,0.22,-0.657577319,0.33,0.11,0.5,SE,sighting,sighting,distance,Distance,sighting_Distance,managed cattle ranches in central Pantanal,cerrado,Field/Desert,-18.981928,-57,200,km2,year_long,NA,10.1111/j.1744-7429.2009.00601.x,Brazil,Mato Grosso do Sul,1232,96
197,Point,Desbiez et al,2010,Tayassuidae,Dicotyles,tajacu,21133.69,NA,0.71,-0.148741651,NA,NA,NA,SE,sighting,sighting,distance,Distance,sighting_Distance,managed cattle ranches in central Pantanal,floodplain,Wetland,-18.981928,-57,200,km2,year_long,NA,10.1111/j.1744-7429.2009.00601.x,Brazil,Mato Grosso do Sul,1232,96
198,Point,Desbiez et al,2010,Tayassuidae,Dicotyles,tajacu,21133.69,4.84,6.64,0.822168079,8.44,1.8,0.271084337,SE,sighting,sighting,distance,Distance,sighting_Distance,managed cattle ranches in central Pantanal,forest,Savana,-18.981928,-57,200,km2,year_long,NA,10.1111/j.1744-7429.2009.00601.x,Brazil,Mato Grosso do Sul,1232,96
199,Point,Desbiez et al,2010,Tayassuidae,Dicotyles,tajacu,21133.69,3.86,5.48,0.738780559,7.1,1.62,0.295620438,SE,sighting,sighting,distance,Distance,sighting_Distance,managed cattle ranches in central Pantanal,cerrado,Savana,-18.981928,-57,200,km2,year_long,NA,10.1111/j.1744-7429.2009.00601.x,Brazil,Mato Grosso do Sul,1232,96
200,Point,Desbiez et al,2010,Tayassuidae,Tayassu,pecari,31798.71,9.36,13.7,1.136720567,18.04,4.34,0.316788321,SE,sighting,sighting,distance,Distance,sighting_Distance,managed cattle ranches in central Pantanal,forest,Savana,-18.981928,-57,200,km2,year_long,NA,10.1111/j.1744-7429.2009.00601.x,Brazil,Mato Grosso do Sul,1232,96
201,Point,Desbiez et al,2010,Tayassuidae,Tayassu,pecari,31798.71,1.66,2.99,0.475671188,4.32,1.33,0.444816054,SE,sighting,sighting,distance,Distance,sighting_Distance,managed cattle ranches in central Pantanal,cerrado,Savana,-18.981928,-57,200,km2,year_long,NA,10.1111/j.1744-7429.2009.00601.x,Brazil,Mato Grosso do Sul,1232,96
202,Point,Oliveira Santos,2009,Tayassuidae,Dicotyles,tajacu,21133.69,NA,4.16,0.619093331,NA,NA,NA,NA,camera_trap,camera_trap,CMR,CMR,camera_trap_CMR,"Sub-região da Nhecolândia - fazendas Nhumirim, Porto Alegre, Ipanema, Dom Valdir e Chatelodo",cerrado,Savana,-18.983069,-57,100,km2,summer,Repositório Institucional da Universidade Federal de Mato Grosso do Sul: Ecologia e conservação de ungulados florestais em uma área do Pantanal (ufms.br),NA,Brazil,Mato Grosso do Sul,1232,96
203,Point,Oliveira Santos,2009,Tayassuidae,Tayassu,pecari,31798.71,NA,4.06,0.608526034,NA,NA,NA,NA,camera_trap,camera_trap,CMR,CMR,camera_trap_CMR,"Sub-região da Nhecolândia - fazendas Nhumirim, Porto Alegre, Ipanema, Dom Valdir e Chatelodo",cerrado,Savana,-18.983069,-57,100,km2,summer,Repositório Institucional da Universidade Federal de Mato Grosso do Sul: Ecologia e conservação de ungulados florestais em uma área do Pantanal (ufms.br),NA,Brazil,Mato Grosso do Sul,1232,96
204,Point,Ferreguetti et al.,2016,Cervidae,Mazama,americana,20546.86,0.135,0.15,-0.823908741,0.165,0.015,0.1,CI,sighting,sighting,Distance,Distance,sighting_Distance,Reserva Natural Vale- Espírito Santo - Brasil,Mata Atlântica,Dense Forest,-19.16,-40,980,km,year_long,NA,NA,Brazil,Espírito Santo,1203,38
205,Point,Ferreguetti et al.,2016,Cervidae,Subulo,gouazoubira,16633.17,0.19,0.21,-0.677780705,0.23,0.02,0.095238095,CI,sighting,sighting,Distance,Distance,sighting_Distance,Reserva Natural Vale- Espírito Santo - Brasil,Mata Atlântica,Dense Forest,-19.16,-40,980,km,year_long,NA,NA,Brazil,Espírito Santo,1203,38
206,Point,Oliveira et al,2022,Cervidae,Passalites,nemorivaga,14700,NA,16.674618,1.222055893,NA,NA,NA,NA,faeces,Indirect method,FSC,Fecal pellets counts,Indirect method_Fecal pellets counts,RPPN Recanto das Antas,Atlantic forest,Dense Forest,-19.08995,-40,1003,m,spring,personal data,NA,Brazil,Espírito Santo,1195,40
207,Point,Noss et al,2003,Tapiridae,Tapirus,terrestris,169496.6,0.19,0.22,-0.657577319,0.25,0.03,0.136363636,SE,camera_trap,camera_trap,CMR,CMR,camera_trap_CMR,Cerro Cortado,dry forest,Open Forest,-19.148739,-61,3960,camera trap nights,autumn_summer,Noss_AJ._et_al._2003._A_Camera_trapping_and_radio_telemetry_study_of_lowland_tapri_Tapirus_terrestris_in_Bolivian_Dry_Forest.pdf (tapirs.org),NA,Bolivia,Santa Cruz,596,345
208,Point,Noss et al,2003,Tapiridae,Tapirus,terrestris,169496.6,0.25,0.28,-0.552841969,0.31,0.03,0.107142857,SE,camera_trap,camera_trap,CMR,CMR,camera_trap_CMR,Cerro Cortado,dry forest,Open Forest,-19.148739,-61,3960,camera trap nights,autumn_summer,Noss_AJ._et_al._2003._A_Camera_trapping_and_radio_telemetry_study_of_lowland_tapri_Tapirus_terrestris_in_Bolivian_Dry_Forest.pdf (tapirs.org),NA,Bolivia,Santa Cruz,596,345
209,Point,Noss et al,2003,Tapiridae,Tapirus,terrestris,169496.6,0.48,0.71,-0.148741651,0.94,0.23,0.323943662,SE,radio_collar,radio_collar,Home range,Home range,radio_collar_Home range,Cerro Cortado,dry forest,Open Forest,-19.148739,-61,2.48,km2,year_long,Noss_AJ._et_al._2003._A_Camera_trapping_and_radio_telemetry_study_of_lowland_tapri_Tapirus_terrestris_in_Bolivian_Dry_Forest.pdf (tapirs.org),NA,Bolivia,Santa Cruz,596,345
210,Point,Noss et al,2003,Tapiridae,Tapirus,terrestris,169496.6,-0.06,0.09,-1.045757491,0.24,0.15,1.666666667,SE,camera_trap,camera_trap,CMR,CMR,camera_trap_CMR,Ravelo,dry forest,Open Forest,-19.14346,-61,2170,camera trap nights,year_long,Noss_AJ._et_al._2003._A_Camera_trapping_and_radio_telemetry_study_of_lowland_tapri_Tapirus_terrestris_in_Bolivian_Dry_Forest.pdf (tapirs.org),NA,Bolivia,Santa Cruz,697,316
211,Point,Tomaz et al,2012,Cervidae,Ozotocerus,bezoarticus,34620.4,4.29,5.45,0.736396502,6.61,1.16,0.212844037,CV,capture,capture,distance,CMR,capture_CMR,fazenda Alegria,campos de vazante e pequenas manchas de florestas,Savana,-19.141402,-57,180.4,km,autumn_winter_spring,https://revistas.ufrj.br/index.php/oa/article/view/8247,NA,Brazil,Mato Grosso do Sul,1231,92
212,Point,Noss et al,2012,Tapiridae,Tapirus,terrestris,169496.6,0.1092,0.15,-0.823908741,0.1908,0.0408,0.272,SE,camera_trap,camera_trap,CMR,CMR,camera_trap_CMR,Kaa-Iya del Gran Chaco National Park,Forest,Open Forest,-19.428149,-62,NA,NA,NA,NA,10.1111/j.1469-1795.2012.00545.x,Bolivia,Santa Cruz,543,476
213,Point,Noss et al,2012,Tapiridae,Tapirus,terrestris,169496.6,0.1204,0.161,-0.793174124,0.2016,0.0406,0.252173913,SE,camera_trap,camera_trap,CMR,CMR,camera_trap_CMR,Kaa-Iya del Gran Chaco National Park,Forest,Open Forest,-19.428149,-62,NA,NA,NA,NA,10.1111/j.1469-1795.2012.00545.x,Bolivia,Santa Cruz,543,476
214,Point,Noss et al,2006,Cervidae,Subulo,gouazoubira,16633.17,1.57,1.72,0.235528447,1.88,0.16,0.093023256,CI,sighting,sighting,Distance,Distance,sighting_Distance,Kaa lya del Gran Chaco National Park- Bolivia,Chaco,Wetland,-19.54,-62,8550,km,year_long,NA,NA,Bolivia,Santa Cruz,525,499
215,Point,Noss et al,2006,Cervidae,Subulo,gouazoubira,16633.17,1.64,2.35,0.371067862,3.37,1.02,0.434042553,CI,sighting,sighting,Distance,Distance,sighting_Distance,Kaa lya del Gran Chaco National Park- Bolivia,Chaco,Wetland,-19.54,-62,1106,km,year_long,NA,NA,Bolivia,Santa Cruz,525,499
218,Point,Noss et al,2012,Tapiridae,Tapirus,terrestris,169496.6,0.0454,0.0779,-1.108462542,0.1104,0.0325,0.41720154,SE,camera_trap,camera_trap,CMR,CMR,camera_trap_CMR,Kaa-Iya del Gran Chaco National Park,Forest,Open Forest,-20.018562,-62,NA,NA,NA,NA,10.1111/j.1469-1795.2012.00545.x,Bolivia,Santa Cruz,468,428
219,Point,Noss et al,2012,Tapiridae,Tapirus,terrestris,169496.6,0.0605,0.137,-0.863279433,0.2135,0.0765,0.558394161,SE,camera_trap,camera_trap,CMR,CMR,camera_trap_CMR,Kaa-Iya del Gran Chaco National Park,Forest,Open Forest,-20.018562,-62,NA,NA,NA,NA,10.1111/j.1469-1795.2012.00545.x,Bolivia,Santa Cruz,468,428
220,Point,Oliveira et al,2022,Cervidae,Subulo,gouazoubira,16633.17,NA,0.66892,-0.174625819,NA,NA,NA,NA,faeces,Indirect method,FSC,Fecal pellets counts,Indirect method_Fecal pellets counts,RVS Libélulas da Serra de São José,Atlantic forest,Dense Forest,-21.072496,-44,486,m,autumn,personal data,NA,Brazil,Minas Gerais,1483,926
221,Point,Oliveira et al,2022,Cervidae,Mazama,americana,20546.86,NA,2.692449,0.430147486,NA,NA,NA,NA,faeces,Indirect method,FSC,Fecal pellets counts,Indirect method_Fecal pellets counts,Cajuru,Atlantic forest,Dense Forest,-21.344934,-47,43087,m,summer,personal data,NA,Brazil,São Paulo,1441,610
222,Point,Arzamendia & Vilá,2011,Camelidae,Lama,vicugna,47499.61,NA,7.7,0.886490725,NA,NA,NA,NA,capture,capture,CMR,CMR,capture_CMR,Pozuelos Biosphere Reserve,Andes,Field/Desert,-22,-66,89.4,km2,summer,NA,10.1002/jwmg.242,Argentina,Jujuy,240,3671
223,Point,Arzamendia & Vilá,2011,Camelidae,Lama,vicugna,47499.61,NA,9.2,0.963787827,NA,NA,NA,NA,capture,capture,CMR,CMR,capture_CMR,Pozuelos Biosphere Reserve,Andes,Field/Desert,-22,-66,89.4,km2,summer,NA,10.1002/jwmg.242,Argentina,Jujuy,240,3671
224,Point,Arzamendia & Vilá,2011,Camelidae,Lama,vicugna,47499.61,NA,11.9,1.075546961,NA,NA,NA,NA,capture,capture,CMR,CMR,capture_CMR,Pozuelos Biosphere Reserve,Andes,Field/Desert,-22,-66,89.4,km2,summer,NA,10.1002/jwmg.242,Argentina,Jujuy,240,3671
225,Point,Arzamendia & Vilá,2011,Camelidae,Lama,vicugna,47499.61,NA,10.2,1.008600172,NA,NA,NA,NA,capture,capture,CMR,CMR,capture_CMR,Pozuelos Biosphere Reserve,Andes,Field/Desert,-22,-66,89.4,km2,summer,NA,10.1002/jwmg.242,Argentina,Jujuy,240,3671
226,Point,Arzamendia & Vilá,2011,Camelidae,Lama,vicugna,47499.61,NA,10.9,1.037426498,NA,NA,NA,NA,capture,capture,CMR,CMR,capture_CMR,Pozuelos Biosphere Reserve,Andes,Field/Desert,-22,-66,89.4,km2,summer,NA,10.1002/jwmg.242,Argentina,Jujuy,240,3671
227,Point,Cullen et al,2000,Tayassuidae,Dicotyles,tajacu,21133.69,NA,5.28,0.722633923,NA,NA,NA,SD,sighting,sighting,distance,Distance,sighting_Distance,"Four forest fragments of similar size in the Mata de Planalto range(Caetetus
Ecological Station)",Atlantic forest,Dense Forest,-22,-51,19.67,km2,year_long,NA,https://doi.org/10.1016/S0006-3207(00)00011-2,Brazil,São Paulo,1244,380
228,Point,Cullen et al,2000,Tayassuidae,Dicotyles,tajacu,21133.69,NA,6.87,0.836956737,NA,NA,NA,SD,sighting,sighting,distance,Distance,sighting_Distance,Four forest fragments of similar size in the Mata de Planalto range,Atlantic forest,Dense Forest,-22,-51,19.67,km2,year_long,NA,https://doi.org/10.1016/S0006-3207(00)00011-3,Brazil,São Paulo,1244,380
229,Point,Cullen et al,2000,Tayassuidae,Dicotyles,tajacu,21133.69,NA,4.62,0.664641976,NA,NA,NA,SD,sighting,sighting,distance,Distance,sighting_Distance,Four forest fragments of similar size in the Mata de Planalto range,Atlantic forest,Dense Forest,-22,-51,19.67,km2,year_long,NA,https://doi.org/10.1016/S0006-3207(00)00011-4,Brazil,São Paulo,1244,380
230,Point,Cullen et al,2000,Tayassuidae,Dicotyles,tajacu,21133.69,NA,5.13,0.710117365,NA,NA,NA,SD,sighting,sighting,distance,Distance,sighting_Distance,Four forest fragments of similar size in the Mata de Planalto range,Atlantic forest,Dense Forest,-22,-51,19.67,km2,year_long,NA,https://doi.org/10.1016/S0006-3207(00)00011-5,Brazil,São Paulo,1244,380
231,Point,Araújo et al,2008,Tayassuidae,Dicotyles,tajacu,21133.69,0.0567,0.07,-1.15490196,0.0833,0.0133,0.19,CV,sighting,sighting,Distance,Distance,sighting_Distance,Rebio União,Atlantic forest,Dense Forest,-22.416352,-42,180,km,year_long,NA,10.1590/S0073-47212008000300014,Brazil,Rio de Janeiro,1201,140
232,Point,Keuroghlian et al,2004,Tayassuidae,Dicotyles,tajacu,21133.69,NA,5.9,0.770852012,NA,NA,NA,NA,sighting,sighting,census,Census,sighting_Census,Caetetus State Park,Forest,Dense Forest,-22.404147,-50,NA,NA,year_long,NA,:10.1016/j.biocon.2004.03.016,Brazil,São Paulo,1274,610
233,Point,Keuroghlian et al,2004,Tayassuidae,Tayassu,pecari,31798.71,NA,6.9,0.838849091,NA,NA,NA,NA,sighting,sighting,census,Census,sighting_Census,Caetetus State Park,Forest,Dense Forest,-22.404147,-50,NA,NA,year_long,NA,:10.1016/j.biocon.2004.03.016,Brazil,São Paulo,1274,610
234,Point,Araújo et al,2008,Tayassuidae,Dicotyles,tajacu,21133.69,0.0328,0.04,-1.397940009,0.0472,0.0072,0.18,CV,sighting,sighting,Distance,Distance,sighting_Distance,Poço das Antas,Atlantic forest,Dense Forest,-22.54398,-42,195,km,year_long,NA,10.1590/S0073-47212008000300014,Brazil,Rio de Janeiro,1158,51
235,Point,Oliveira et al,2022,Cervidae,Subulo,gouazoubira,16633.17,NA,0.366088,-0.436414507,NA,NA,NA,NA,faeces,Indirect method,FSC,Fecal pellets counts,Indirect method_Fecal pellets counts,Parque Estadual Campos do Jordão,Atlantic forest,Dense Forest,-22.693404,-45,2664,m,spring,personal data,NA,Brazil,São Paulo,1798,1778
236,Point,Oliveira et al,2022,Cervidae,Subulo,gouazoubira,16633.17,NA,0.473968,-0.324250979,NA,NA,NA,NA,faeces,Indirect method,FSC,Fecal pellets counts,Indirect method_Fecal pellets counts,Estacão Ecológica de Santa Bárbara,Cerrado,Savana,-22.816165,-49,9.478,m,summer,personal data,NA,Brazil,São Paulo,1234,617
237,Point,Oliveira et al,2022,Cervidae,Subulo,gouazoubira,16633.17,NA,0.36732,-0.434955424,NA,NA,NA,NA,faeces,Indirect method,FSC,Fecal pellets counts,Indirect method_Fecal pellets counts,Parque Estadual da Serra do Mar - Caraguatatuba,Atlantic forest,Dense Forest,-23.692188,-46,1770,m,autumn,personal data,NA,Brazil,São Paulo,2117,606
238,Point,Oliveira et al,2022,Cervidae,Mazama,nana,16499.85,NA,8.84837,0.946863275,NA,NA,NA,NA,faeces,Indirect method,FSC,Fecal pellets counts,Indirect method_Fecal pellets counts,Parque Estadual Vila Rica do Espírito Santo,Atlantic forest,Dense Forest,-23.915852,-52,5043,m,spring,personal data,NA,Brazil,Paraná,1487,302
239,Point,Oliveira et al,2022,Cervidae,Mazama,nana,16499.85,NA,9.643,0.984212167,NA,NA,NA,NA,faeces,Indirect method,FSC,Fecal pellets counts,Indirect method_Fecal pellets counts,Parque Estadual Vila Rica do Espírito Santo,Atlantic forest,Dense Forest,-23.915852,-52,9486,m,autumn,personal data,NA,Brazil,Paraná,1487,302
240,Point,Oliveira et al,2022,Cervidae,Mazama,americana,20546.86,NA,5.138656,0.710849545,NA,NA,NA,NA,faeces,Indirect method,FSC,Fecal pellets counts,Indirect method_Fecal pellets counts,Reserva Biológica das Perobas,Atlantic forest,Dense Forest,-23.870071,-53,1265,m,autumn,personal data,NA,Brazil,Paraná,1403,508
241,Point,Altrichter,2005,Tayassuidae,Dicotyles,tajacu,21133.69,0.52,0.62,-0.207608311,0.72,0.1,0.161290323,SE,sighting,sighting,census,Census,sighting_Census,village hunters,chaco,Wetland,-24,-62,12000,km2,year_long,NA,https://doi.org/10.1016/j.biocon.2005.06.024,Argentina,Chaco Province,668,179
242,Point,Altrichter,2005,Tayassuidae,Dicotyles,tajacu,21133.69,0.75,0.91,-0.040958608,1.07,0.16,0.175824176,SE,sighting,sighting,census,Census,sighting_Census,Copo National Park and Reserve and  Loro Hablador Provincial Reserve,chaco,Wetland,-24,-62,12000,km2,year_long,NA,https://doi.org/10.1016/j.biocon.2005.06.025,Argentina,Chaco Province,668,179
243,Point,Altrichter,2005,Tayassuidae,Catagonus,wagneri,35566.4,0.11,0.17,-0.769551079,0.23,0.06,0.352941177,SE,sighting,sighting,census,Census,sighting_Census,village hunters,chaco,Wetland,-24,-62,12000,km2,year_long,NA,https://doi.org/10.1016/j.biocon.2005.06.026,Argentina,Chaco Province,668,179
244,Point,Altrichter,2005,Tayassuidae,Catagonus,wagneri,35566.4,0.33,0.44,-0.356547324,0.55,0.11,0.25,SE,sighting,sighting,census,Census,sighting_Census,Copo National Park and Reserve and  Loro Hablador Provincial Reserve,chaco,Wetland,-24,-62,12000,km2,year_long,NA,https://doi.org/10.1016/j.biocon.2005.06.027,Argentina,Chaco Province,668,179
245,Point,Altrichter,2005,Tayassuidae,Tayassu,pecari,31798.71,0.01,0.33,-0.48148606,0.65,0.32,0.96969697,SE,sighting,sighting,census,Census,sighting_Census,village hunters,chaco,Wetland,-24,-62,12000,km2,year_long,NA,https://doi.org/10.1016/j.biocon.2005.06.028,Argentina,Chaco Province,668,179
246,Point,Altrichter,2005,Tayassuidae,Tayassu,pecari,31798.71,0,1.04,0.017033339,2.08,1.04,1,SE,sighting,sighting,census,Census,sighting_Census,Copo National Park and Reserve and  Loro Hablador Provincial Reserve,chaco,Wetland,-24,-62,12000,km2,year_long,NA,https://doi.org/10.1016/j.biocon.2005.06.029,Argentina,Chaco Province,668,179
247,Point,Duarte et al,2005,Cervidae,Mazama,bororo,24166.6,1.1,1.44,0.158362492,2.05,0.61,0.423611111,CI,capture,capture,CMR,CMR,capture_CMR,P.E. de Intervales,Mata Atlântica,Dense Forest,-24.3,-48,65,Fecal samples,year_long,NA,NA,Brazil,São Paulo,1483,816
248,Point,Oliveira et al,2022,Cervidae,Mazama,nana,16499.85,NA,12.871181,1.109618398,NA,NA,NA,NA,faeces,Indirect method,FSC,Fecal pellets counts,Indirect method_Fecal pellets counts,Parque Estadual São Camilo,Atlantic forest,Dense Forest,-24.314432,-54,2427,m,autumn,personal data,NA,Brazil,Paraná,1536,305
249,Point,Oliveira et al,2022,Cervidae,Mazama,americana,20546.86,NA,0.222633,-0.652410462,NA,NA,NA,NA,faeces,Indirect method,FSC,Fecal pellets counts,Indirect method_Fecal pellets counts,Parque Nacional do Iguaçu - Norte,Atlantic forest,Dense Forest,-25.080506,-54,12879,m,autumn_winter,personal data,NA,Brazil,Paraná,1835,622
250,Point,Oliveira et al,2022,Cervidae,Mazama,nana,16499.85,NA,0.862705,-0.064137685,NA,NA,NA,NA,faeces,Indirect method,FSC,Fecal pellets counts,Indirect method_Fecal pellets counts,Parque Nacional do Iguaçu - Norte,Atlantic forest,Dense Forest,-25.080506,-54,12879,m,autumn_winter,personal data,NA,Brazil,Paraná,1835,622
251,Point,Lucherini et al,2000,Camelidae,Lama,vicugna,47499.61,NA,1.2,0.079181246,NA,NA,NA,NA,sighting,sighting,Census,Census,sighting_Census,Cuenca de la Laguna Verde,Andes,Field/Desert,-25.330916,-68,250,km2,summer_winter,Spatial niche overlap between vicu?as and guanacos - Mammal Research Institute PAS (rcin.org.pl),NA,Argentina,Catamarca Province,55,4029
252,Point,Lucherini et al,2000,Camelidae,Lama,vicugna,47499.61,NA,1.2,0.079181246,NA,NA,NA,NA,sighting,sighting,Census,Census,sighting_Census,Cuenca de la Laguna Verde,Andes,Field/Desert,-25.330916,-68,250,km2,summer_winter,Spatial niche overlap between vicu?as and guanacos - Mammal Research Institute PAS (rcin.org.pl),NA,Argentina,Catamarca Province,55,4029
253,Point,Lucherini et al,2000,Camelidae,Lama,guanaco,47499.61,NA,1.2,0.079181246,NA,NA,NA,NA,sighting,sighting,Census,Census,sighting_Census,Cuenca de la Laguna Verde,Andes,Field/Desert,-25.330916,-68,250,km2,summer_winter,Spatial niche overlap between vicu?as and guanacos - Mammal Research Institute PAS (rcin.org.pl),NA,Argentina,Catamarca Province,55,4029
254,Point,Lucherini et al,2000,Camelidae,Lama,guanaco,47499.61,NA,1.2,0.079181246,NA,NA,NA,NA,sighting,sighting,Census,Census,sighting_Census,Cuenca de la Laguna Verde,Andes,Field/Desert,-25.330916,-68,250,km3,summer_winter,Spatial niche overlap between vicu?as and guanacos - Mammal Research Institute PAS (rcin.org.pl),NA,Argentina,Catamarca Province,55,4029
255,Point,Oliveira et al,2022,Cervidae,Mazama,americana,20546.86,NA,4.113347,0.614195348,NA,NA,NA,NA,faeces,Indirect method,FSC,Fecal pellets counts,Indirect method_Fecal pellets counts,Parque Nacional do Iguaçu - SUL,Atlantic forest,Dense Forest,-25.604572,-54,8377,m,winter,personal data,NA,Brazil,Paraná,1770,239
256,Point,Romero & Chatellenaz,2013,Cervidae,Subulo,gouazoubira,16633.17,2.4,3.5,0.544068044,4.6,1.1,0.314285714,SE,sighting,sighting,census,Census,sighting_Census,Parque Nacional Mburucuyá - Argentina,pastagens mesofílicas,Field/Desert,-26.5,-58,115.2,km,summer_winter,NA,NA,Paraguay,Ñeembucú,1409,63
257,Point,Romero & Chatellenaz,2013,Cervidae,Subulo,gouazoubira,16633.17,NA,11.2,1.049218023,NA,NA,NA,SE,sighting,sighting,census,Census,sighting_Census,Parque Nacional Mburucuyá - Argentina,florestas mesofilicas,Dense Forest,-26.5,-58,148,km,summer_winter,NA,NA,Argentina,Corrientes,1409,63
258,Point,Oliveira et al,2022,Cervidae,Mazama,nana,16499.85,NA,0.459272,-0.337930031,NA,NA,NA,NA,faeces,Indirect method,FSC,Fecal pellets counts,Indirect method_Fecal pellets counts,Estação Ecológica da Mata Preta,Atlantic forest,Dense Forest,-26.509105,-52,1888,m,autumn,personal data,NA,Brazil,Santa Catarina,2031,939
259,Point,Oliveira et al,2022,Cervidae,Subulo,gouazoubira,16633.17,NA,1.377815,0.139190909,NA,NA,NA,NA,faeces,Indirect method,FSC,Fecal pellets counts,Indirect method_Fecal pellets counts,Estação Ecológica da Mata Preta,Atlantic forest,Dense Forest,-26.491135,-52,1888,m,autumn,personal data,NA,Brazil,Santa Catarina,2140,914
260,Point,Oliveira et al,2022,Cervidae,Mazama,nana,16499.85,NA,0.054696,-1.262044433,NA,NA,NA,NA,faeces,Indirect method,FSC,Fecal pellets counts,Indirect method_Fecal pellets counts,Estação Ecológica da Mata Preta,Atlantic forest,Dense Forest,-26.48451,-52,15146,m,autumn_winter,personal data,NA,Brazil,Santa Catarina,2097,918
261,Point,Oliveira et al,2022,Cervidae,Mazama,americana,20546.86,NA,1.640872,0.215074704,NA,NA,NA,NA,faeces,Indirect method,FSC,Fecal pellets counts,Indirect method_Fecal pellets counts,Estação Ecológica da Mata Preta,Atlantic forest,Dense Forest,-26.48451,-52,15146,m,autumn_winter,personal data,NA,Brazil,Santa Catarina,2097,918
262,Point,Romero & Chatellenaz,2013,Cervidae,Subulo,gouazoubira,16633.17,4,5.5,0.74036269,7,1.5,0.272727273,SE,sighting,sighting,census,Census,sighting_Census,Parque Nacional Mburucuyá - Argentina,palmeiras Yatay,Savana,-26.5,-58,80.6,km,summer_winter,NA,NA,Paraguay,Ñeembucú,1409,63
263,Point,Oliveira et al,2022,Cervidae,Mazama,americana,20546.86,NA,1.607451,0.206137743,NA,NA,NA,NA,faeces,Indirect method,FSC,Fecal pellets counts,Indirect method_Fecal pellets counts,Estação Ecológica da Mata Preta,Atlantic forest,Dense Forest,-26.533346,-52,1888,m,autumn,personal data,NA,Brazil,Santa Catarina,2020,947
264,Point,Oliveira et al,2022,Cervidae,Subulo,gouazoubira,16633.17,NA,0.884817,-0.053146542,NA,NA,NA,NA,faeces,Indirect method,FSC,Fecal pellets counts,Indirect method_Fecal pellets counts,Parque Nacional das Araucárias,Atlantic forest,Dense Forest,-26.725674,-52,2464,m,autumn,personal data,NA,Brazil,Santa Catarina,1868,965
265,Point,Borgnia et al,2008,Camelidae,Lama,vicugna,47499.61,NA,5.7,0.755874856,NA,NA,NA,NA,sighting_faeces,Indirect method,Census,Census,Indirect method_Census,Laguna Blanca Reserve,Andes semi-desert,Field/Desert,-26.666667,-66,102,km,year_long,Interaction between wild camelids and livestock in an Andean semi-desert - ScienceDirect,NA,Argentina,Catamarca Province,173,3088
266,Point,Vilá & Roig,1992,Camelidae,Lama,vicugna,47499.61,NA,5.5,0.74036269,NA,NA,NA,NA,sighting,sighting,Census,Census,sighting_Census,Laguna Blanca Reserve,Andes semi-desert,Field/Desert,-26.666667,-66,2.79,km2,summer,NA,https://doi.org/10.1016/0921-4488(92)90163-X,Argentina,Catamarca Province,173,3088
267,Point,Oliveira et al,2022,Cervidae,Mazama,nana,16499.85,NA,1.474695,0.168702208,NA,NA,NA,NA,faeces,Indirect method,FSC,Fecal pellets counts,Indirect method_Fecal pellets counts,Parque Nacional das Araucárias,Atlantic forest,Dense Forest,-26.841413,-52,2464,m,autumn,personal data,NA,Brazil,Santa Catarina,1915,900
268,Point,Oliveira et al,2022,Cervidae,Mazama,americana,20546.86,NA,0.14747,-0.83129632,NA,NA,NA,NA,faeces,Indirect method,FSC,Fecal pellets counts,Indirect method_Fecal pellets counts,Parque Nacional das Araucárias,Atlantic forest,Dense Forest,-26.808531,-52,2464,m,autumn,personal data,NA,Brazil,Santa Catarina,1796,1121
269,Point,Oliveira et al,2022,Cervidae,Mazama,bororo,24166.6,NA,0.922995,-0.034800652,NA,NA,NA,NA,faeces,Indirect method,FSC,Fecal pellets counts,Indirect method_Fecal pellets counts,Parque Nacional Serra do Itajaí,Atlantic forest,Dense Forest,-27.03316,-49,6692,m,winter,personal data,NA,Brazil,Santa Catarina,1670,572
270,Point,Oliveira et al,2022,Cervidae,Mazama,nana,16499.85,NA,0.605252,-0.218063767,NA,NA,NA,NA,faeces,Indirect method,FSC,Fecal pellets counts,Indirect method_Fecal pellets counts,Parque Estadual do Turvo,Atlantic forest,Dense Forest,-27.139879,-54,1164,m,autumn,personal data,NA,Brazil,Rio Grande do Sul,1850,207
271,Point,Oliveira et al,2022,Cervidae,Mazama,americana,20546.86,NA,3.026259,0.480906094,NA,NA,NA,NA,faeces,Indirect method,FSC,Fecal pellets counts,Indirect method_Fecal pellets counts,Parque Estadual do Turvo,Atlantic forest,Dense Forest,-27.205935,-54,1164,m,autumn,personal data,NA,Brazil,Rio Grande do Sul,1870,415
272,Point,Oliveira et al,2022,Cervidae,Mazama,bororo,24166.6,NA,0.907245,-0.042275417,NA,NA,NA,NA,faeces,Indirect method,FSC,Fecal pellets counts,Indirect method_Fecal pellets counts,Parque Estadual da Serra do Tabuleiro,Atlantic forest,Dense Forest,-27.87994,-49,7377,m,autumn,personal data,NA,Brazil,Santa Catarina,1562,157
273,Point,Zamboni et al,2015,Cervidae,Ozotocerus,bezoarticus,34620.4,0.65,1.17,0.068185862,1.69,0.52,0.444444444,SE,sighting,sighting,distance,Distance,sighting_Distance,Aguapey River,forest,Field/Desert,-28.067252,-57,1278,km2,year_long,"How many are there? Multiple-covariate distance sampling for monitoring pampas deer in Corrientes, Argentina (bioone.org)",NA,Argentina,Corrientes,1544,78
274,Point,Gómez,2017,Cervidae,Ozotocerus,bezoarticus,34620.4,5.8,9.5,0.977723605,15.4,5.9,0.621052632,CI,sighting,sighting,distance,Distance,sighting_Distance,Reserva Natural Iberá - Isla de San Alonso,pampa,Field/Desert,-28.304839,-57,12.509,km2,winter_spring,Comparación de métodos para estimar el tamaño poblacional del venado de las pampas (Ozotoceros bezoarticus) (una.ac.cr),NA,Argentina,Corrientes,1425,48
275,Point,Gómez,2017,Cervidae,Ozotocerus,bezoarticus,34620.4,0.1,2.7,0.431363764,64.8,62.1,23,CI,sighting,sighting,distance,Distance,sighting_Distance,Reserva Natural Iberá - Isla de San Alonso,pampa,Field/Desert,-28.304839,-57,12.509,km2,winter_spring,Comparación de métodos para estimar el tamaño poblacional del venado de las pampas (Ozotoceros bezoarticus) (una.ac.cr),NA,Argentina,Corrientes,1425,48
276,Point,Oliveira et al,2022,Cervidae,Subulo,gouazoubira,16633.17,NA,0.970755,-0.012890364,NA,NA,NA,NA,faeces,Indirect method,FSC,Fecal pellets counts,Indirect method_Fecal pellets counts,Reserva Biológica do Ibuicuí Mirim,Atlantic forest,Dense Forest,-29.542407,-54,2009,m,spring,personal data,NA,Brazil,Rio Grande do Sul,1684,317
277,Point,Periago & Leynaud,2009,Cervidae,Subulo,gouazoubira,16633.17,NA,4.41,0.64443859,NA,NA,NA,NA,faeces,Indirect method,FSC,Fecal pellets counts,Indirect method_Fecal pellets counts,Chancaní Reserve,Chaco,Wetland,-30.36,-65,0.042,km2,summer,NA,NA,Argentina,Córdoba,546,187
278,Point,Periago & Leynaud,2009,Cervidae,Subulo,gouazoubira,16633.17,NA,5.12,0.709269961,NA,NA,NA,NA,faeces,Indirect method,FSC,Fecal pellets counts,Indirect method_Fecal pellets counts,Chancaní Reserve,Chaco,Wetland,-30.36,-65,0.042,km2,winter,NA,NA,Argentina,Córdoba,546,187
279,Point,Cosse & Gonzalez,2013,Cervidae,Ozotocerus,bezoarticus,34620.4,1.3,3.46,0.539076099,5.62,2.16,0.624277457,SD,sighting,sighting,Distance,Distance,sighting_Distance,Reserva de biosfera Bañados del Este,Swamps and Wetlands,Wetland,-33.825214,-54,80,km2,year_long,NA,10.1186/2193-1801-2-259,Uruguay,Department of Rocha,1245,17
280,Point,Cosse & Gonzalez,2013,Cervidae,Ozotocerus,bezoarticus,34620.4,10.02,11,1.041392685,11.98,0.98,0.089090909,SD,sighting,sighting,Distance,Distance,sighting_Distance,Reserva de biosfera Bañados del Este,Swamps and Wetlands (paddock),Wetland,-33.825214,-54,80,km2,year_long,NA,10.1186/2193-1801-2-259,Uruguay,Department of Rocha,1245,17
281,Point,Merino et al,2011,Cervidae,Ozotocerus,bezoarticus,34620.4,1.7,1.95,0.290034611,2.2,0.25,0.128205128,SD,sighting,sighting,distance,Distance,sighting_Distance,Rancho El Centenario,chaco,Wetland,-34.154387,-66,380,km2,year_long,NA,https://doi.org/10.1016/j.jaridenv.2011.03.002,Argentina,San Luis,469,510
282,Point,Dellafiore et al,2003,Cervidae,Ozotocerus,bezoarticus,34620.4,NA,0.55,-0.259637311,NA,NA,NA,CI,sighting,sighting,census,Census,sighting_Census,General Pedernera Department,chaco,Wetland,-34.477312,-65,1520,km2,winter,"Redalyc.Distribution and abundance of the Pampas deer in San Luis Province, Argentina",NA,Argentina,San Luis,497,375
283,Point,Dellafiore et al,2003,Cervidae,Ozotocerus,bezoarticus,34620.4,NA,0.43,-0.366531544,NA,NA,NA,CI,sighting,sighting,census,Census,sighting_Census,General Pedernera Department,chaco,Wetland,-34.477312,-65,1520,km2,spring,"Redalyc.Distribution and abundance of the Pampas deer in San Luis Province, Argentina",NA,Argentina,San Luis,497,375
284,Point,Dellafiore et al,2003,Cervidae,Ozotocerus,bezoarticus,34620.4,NA,0.47,-0.327902142,NA,NA,NA,CI,sighting,sighting,census,Census,sighting_Census,General Pedernera Department,chaco,Wetland,-34.477312,-65,1520,km2,summer,"Redalyc.Distribution and abundance of the Pampas deer in San Luis Province, Argentina",NA,Argentina,San Luis,497,375
285,Point,Dellafiore et al,2003,Cervidae,Ozotocerus,bezoarticus,34620.4,NA,0.44,-0.356547324,NA,NA,NA,CI,sighting,sighting,census,Census,sighting_Census,General Pedernera Department,chaco,Wetland,-34.477312,-65,1870,km2,summer,"Redalyc.Distribution and abundance of the Pampas deer in San Luis Province, Argentina",NA,Argentina,San Luis,497,375
286,Point,Dellafiore et al,2003,Cervidae,Ozotocerus,bezoarticus,34620.4,NA,0.83,-0.080921908,NA,NA,NA,CI,sighting,sighting,distance,Distance,sighting_Distance,General Pedernera Department,chaco,Wetland,-34.477312,-65,1311,km2,winter,"Redalyc.Distribution and abundance of the Pampas deer in San Luis Province, Argentina",NA,Argentina,San Luis,497,375
287,Point,Dellafiore et al,2003,Cervidae,Ozotocerus,bezoarticus,34620.4,NA,0.72,-0.142667504,NA,NA,NA,CI,sighting,sighting,distance,Distance,sighting_Distance,General Pedernera Department,chaco,Wetland,-34.477312,-65,1311,km2,spring,"Redalyc.Distribution and abundance of the Pampas deer in San Luis Province, Argentina",NA,Argentina,San Luis,497,375
288,Point,Dellafiore et al,2003,Cervidae,Ozotocerus,bezoarticus,34620.4,NA,0.43,-0.366531544,NA,NA,NA,CI,sighting,sighting,distance,Distance,sighting_Distance,General Pedernera Department,chaco,Wetland,-34.477312,-65,2842,km2,summer,"Redalyc.Distribution and abundance of the Pampas deer in San Luis Province, Argentina",NA,Argentina,San Luis,497,375
289,Point,Carusi et al,2009,Cervidae,Ozotocerus,bezoarticus,34620.4,NA,1.56,0.193124598,NA,NA,NA,SD,sighting,sighting,Census,Census,sighting_Census,Reserva Natural Integral Bahia Samborombon,pampa,Field/Desert,-36.121406,-57,128,km2,autumn,"Relaciones espaciales y numéricas entre venados de las pampas (Ozotoceros bezoarticus celer) y chanchos cimarrones (Sus scrofa) en el Refugio de Vida Silvestre Bahía Samborombón, Argentina (scielo.org.ar)",NA,Argentina,Buenos aires,874,3
290,Point,Carusi et al,2009,Cervidae,Ozotocerus,bezoarticus,34620.4,NA,0.63,-0.200659451,NA,NA,NA,SD,sighting,sighting,Census,Census,sighting_Census,Reserva Natural Integral Bahia Samborombon,pampa,Field/Desert,-36.121406,-57,128,km2,spring,"Relaciones espaciales y numéricas entre venados de las pampas (Ozotoceros bezoarticus celer) y chanchos cimarrones (Sus scrofa) en el Refugio de Vida Silvestre Bahía Samborombón, Argentina (scielo.org.ar)",NA,Argentina,Buenos aires,874,3
291,Point,Smith-Flueck & Flueck,1997,Cervidae,Hippocamelus,bisulcus,69240.81,NA,1,0,NA,NA,NA,NA,sighting_faeces,Indirect method,Census,Census,Indirect method_Census,Cerro Ventisquero,Andes,Field/Desert,-41.603849,-72,11,km2,summer,194-Smith-Flueck.pdf (produccion-animal.com.ar),NA,Argentina,Rio Negro,1722,610
292,Point,Vila et al,2009,Cervidae,Hippocamelus,bisulcus,69240.81,NA,0.3,-0.522878745,NA,NA,NA,NA,faeces,Indirect method,FSC,Fecal pellets counts,Indirect method_Fecal pellets counts,Los Alerces National Park - Cerro Ricoso,Andes,Field/Desert,-42.760903,-72,46.05,km2,winter,NA,https://doi.org/10.2193/2008-062,Argentina,Chubut,950,1526
293,Point,Pedrana et al,2019,Camelidae,Lama,guanicoe,90000,2.7,2.97,0.472756449,4.27,1.3,0.437710438,CV,sighting,sighting,Distance,Distance,sighting_Distance,Chubut,Andes,Field/Desert,-43.677992,-69,221091,km2,spring_summer,NA,10.1071/WR18085,Argentina,Chubut province,164,914
294,Point,Smith-Flueck & Flueck,2001,Cervidae,Hippocamelus,bisulcus,69240.81,NA,1.5,0.176091259,NA,NA,NA,NA,faeces_sighting (dead animal),Indirect method,Census,Census,Indirect method_Census,Zona do Lago La Plata,Andes,Field/Desert,-44.969463,-72,634.7,km,summer,"Problemas de conservación para una concentración inusual de huemules (Hippocamelus bisulcus) en la zona del lago La Plata, provincia de Chubut (conicet.gov.ar)",NA,Argentina,Chubut,1021,1171
295,Point,Corti et al,2010,Cervidae,Hippocamelus,bisulcus,69240.81,1.08,1.41,0.149219113,1.74,0.33,0.234042553,SD,radio_collar,radio_collar,home range,Home range,radio_collar_Home range,Lago Cochrane National Reserve,Patagônia chilena,Open Forest,-47.199854,-73,69.25,km2,year_long,NA,10.1644/09-MAMM-A-047.1,Chile,Ayén,649,989
296,Point,Corti et al,2010,Cervidae,Hippocamelus,bisulcus,69240.81,1.68,2.01,0.303196057,2.34,0.33,0.164179105,SD,radio_collar,radio_collar,home range,Home range,radio_collar_Home range,Lago Cochrane National Reserve,Patagônia chilena,Open Forest,-47.199854,-73,69.25,km2,year_long,NA,10.1644/09-MAMM-A-047.1,Chile,Ayén,649,989
297,Point,Corti et al,2010,Cervidae,Hippocamelus,bisulcus,69240.81,1.63,1.96,0.292256071,2.29,0.33,0.168367347,SD,radio_collar,radio_collar,home range,Home range,radio_collar_Home range,Lago Cochrane National Reserve,Patagônia chilena,Open Forest,-47.199854,-73,69.25,km2,year_long,NA,10.1644/09-MAMM-A-047.1,Chile,Ayén,649,989
298,Point,Corti,2008,Cervidae,Hippocamelus,bisulcus,69240.81,1.6,1.79,0.252853031,1.98,0.19,0.106145251,SE,radio_collar,radio_collar,home range,Home range,radio_collar_Home range,Lago Cochrane National Reserve,Patagonia chilena,Open Forest,-47.192634,-73,69.25,km2,year_long,Item – Theses Canada,NA,Chile,Aisén,649,989
299,Point,Briceno et al,2013,Cervidae,Hippocamelus,bisulcus,69240.81,1.33,1.62,0.209515015,1.91,0.29,0.179012346,SE,sighting,sighting,Census,Census,sighting_Census,Bernardo O’Higgins National Park - Huemules,Patagônia chilena,Open Forest,-49.795253,-74,3.2,km2,year_long,NA,10.1017/S0030605312000014,Chile,Magallanes,4038,771
300,Point,Briceno et al,2013,Cervidae,Hippocamelus,bisulcus,69240.81,2.98,4.17,0.620136055,5.36,1.19,0.285371703,SE,sighting,sighting,Census,Census,sighting_Census,Bernardo O’Higgins National Park - Katraska,Patagônia chilena,Open Forest,-49.795253,-74,5,km2,year_long,NA,10.1017/S0030605312000014,Chile,Magallanes,4038,771
301,Point,Briceno et al,2013,Cervidae,Hippocamelus,bisulcus,69240.81,6.48,7.78,0.890979597,9.08,1.3,0.167095116,SE,sighting,sighting,Census,Census,sighting_Census,Bernardo O’Higgins National Park - Bernardo,Patagônia chilena,Open Forest,-49.795253,-74,13.5,km2,year_long,NA,10.1017/S0030605312000014,Chile,Magallanes,4038,771
302,Point,Garay et al,2016,Cervidae,Hippocamelus,bisulcus,69240.81,NA,0.65,-0.187086643,NA,NA,NA,NA,sighting,radio_collar,home range,Home range,radio_collar_Home range,Torres del Paine National Park,Patagônia chilena,Open Forest,-50.942191,-73,23,km2,year_long,https://analesdelinstitutodelapatagonia.cl/article/view/789,NA,Chile,Magallanes,1519,1646
303,Point,Garay et al,2016,Cervidae,Hippocamelus,bisulcus,69240.81,NA,1.29,0.11058971,NA,NA,NA,NA,sighting,radio_collar,home range,Home range,radio_collar_Home range,Torres del Paine National Park,Patagônia chilena,Open Forest,-50.942191,-73,23,km2,year_long,https://analesdelinstitutodelapatagonia.cl/article/view/790,NA,Chile,Magallanes,1519,1646
304,Point,Garay et al,2016,Cervidae,Hippocamelus,bisulcus,69240.81,NA,2.26,0.354108439,NA,NA,NA,NA,sighting,radio_collar,home range,Home range,radio_collar_Home range,Torres del Paine National Park,Patagônia chilena,Open Forest,-50.942191,-73,23,km2,year_long,https://analesdelinstitutodelapatagonia.cl/article/view/791,NA,Chile,Magallanes,1519,1646
305,Point,Medici,2010,Tapiridae,Tapirus,terrestris,169496.6,NA,0.34,-0.468521083,NA,NA,NA,NA,capture,radio_collar,Home range,Home range,radio_collar_Home range,Morro do Diabo State Park,Atlantic forest,Dense Forest,-22.0314195,-52.22673838,1140,km,year_long,NA,10.22024/UniKent/01.02.94523,Brazil,São Paulo,1051,317
306,Point,Medici,2010,Tapiridae,Tapirus,terrestris,169496.6,0.9,1.35,0.130333769,1.8,0.45,0.333333333,SE,sighting,sighting,distance,Distance,sighting_Distance,Morro do Diabo State Park,Atlantic forest,Dense Forest,-22.0314195,-52.22673838,1140,km,year_long,NA,10.22024/UniKent/01.02.94524,Brazil,São Paulo,1051,317
307,Point,Medici,2010,Tapiridae,Tapirus,terrestris,169496.6,NA,0.43,-0.366531544,NA,NA,NA,NA,radio_collar,radio_collar,home range,Home range,radio_collar_Home range,Morro do Diabo State Park,Atlantic forest,Dense Forest,-22.0314195,-52.22673838,1140,km,year_long,NA,10.22024/UniKent/01.02.94525,Brazil,São Paulo,1051,317
